source,headline,Trained
Mashable,Bitcoin values surges over six-month period,1
ReadWrite,Past Bitcoin to Making Money from the Blockchain,1
BBC News,"Iran seizes 1,000 Bitcoin mining machines after power spike",-1
Slashdot.org,"Iran Seizes 1,000 Bitcoin Mining Machines Using Subsidized Power",-1
The Verge,Iran seized nearly a thousand computers used to illegally mine Bitcoin,-1
The Next Web,60% of Bitcoin hasn’t moved in a year — despite a 220% price bump in 2019,-1
Gizmodo.com,"If You Solve This Math Problem, You Could Steal All the Bitcoin in the World",1
The Next Web,"7 months after Hash Wars, Bitmain’s BTC.com appears to mine Bitcoin SV",0
The Next Web,Meet the blockchain developer building 12 Lightning apps in 12 months,1
The Next Web,You can now buy shares in this brewery using cryptocurrency,0
Radixdlt.com,Radix DLT – Decentralized Ledger Technology,0
Avc.com,Price Stability,0
The Next Web,Binance hackers suddenly move $8 million worth of stolen Bitcoin,-1
Gizmodo.com,It Would Take This 50-Year-Old NASA Computer More Than a Quintillion Years to Mine a Single Bitcoin Block,0
The Next Web,Shitposters are using sophisticated Bitcoin satellites to troll each other,-1
ReadWrite,3 Reasons Decentralization is the Future of Currency,1
Mashable,Hackers steal $32 million worth of crypto from Japanese exchange Bitpoint,-1
Decrypt,Bitcoin exchange owner gets 14 months in jail for lying about hack to SEC,-1
CNET,"Google, Apple, Amazon and Facebook face off with Congress this week - CNET",0
The Verge,Facebook’s Libra hearings in Congress are the best free entertainment you’ll get all week,0
TechCrunch,Facebook reportedly hasn’t contacted the regulator it says will oversee Libra’s privacy and data security,-1
Business Insider,Bitcoin tumbles after US lawmakers take aim at Libra — 'Facebook has burned down the house over and over' (BTC),-1
The Next Web,Report: Bitcoin outperformed all other coins in Q2 2019,1
Mashable,"Libra hasn't even launched yet, and Facebook is already in trouble over it",-1
Slashdot.org,Facebook Backpedals From Its Original Ambitious Vision for Libra,-1
VentureBeat,Is Web 3.0 the next lifestyle brand?,1
Business Insider,'Get out quick': A strategist at $1 trillion Edward Jones explains why bitcoin's 300% rally is not to be trusted,-1
Lifehacker.com,Steer Clear of Libra Cryptocurrency Scams,-1
The Next Web,Nobody knows when Bitcoin Satoshi Vision’s hard fork for 2GB blocks starts,0
The Next Web,Mafia expert: ‘Ndrangheta crime family now resembles a ‘criminal blockchain’,-1
Gizmodo.com,Bitcoin Scammers Try and Fail to Sextort 86-Year-Old Woman Who Just Wanted a Free Bagel,1
Mashable,"Despite Trump's anti-crypto tweets, the IRS wants its cut of virtual currency profits",-1
Wired,Seeing Through Silicon Valley’s Shameless ‘Disruption’,0
,Bitcoin whale moves $468 million crypto-fortune for less than $40The Next Web,1
Lifehacker.com,Protect Yourself Against New Android Ransomware That Pretends to Be Porn,0
The Next Web,"Russia seizes 2,500 Bitmain cryptocurrency miners for dodging $1.2M in import fees",-1
The Next Web,SpankChain launches SpankPay so users can pay for porn with Bitcoin,1
The Next Web,Dogecoin’s 60% growth over Q2 proves it should be taken seriously – here’s what happened,1
Forbes,U.S. Bitcoin Ban Unlikely; IRS Targets Crypto Tax Dodgers,-1
Forbes,Blow To Bitcoin As iPhone-Maker Apple Reveals Sudden Swerve,-1
The Next Web,"Ugh, this is what Bitcoin’s hash rate means and why it matters",0
TechCrunch,"BlockFi, which lends money to cryptocurrency holders, just raised $18.3 million led by Valar Ventures",1
Gizmodo.com,"World's Dumbest Bitcoin Scammer Tries to Scam Bitcoin Educator, Gets Scammed in The Process",-1
Entrepreneur,Should You Invest in Bitcoin and Cryptocurrencies? Experts Share Best Practices in a Volatile (Yet Maturing) Market.,1
Entrepreneur,Should You Invest in Bitcoin and Cryptocurrencies? Experts Share Best Practices in a Volatile (Yet Maturing) Market.,1
Forbes,Bitcoin Soars On Falling Yuan; North Korean Crypto Thieves,1
The Times of India,"In wild crypto week, bitcoin gains and grabs bigger market share",1
The Next Web,Researchers hacked a Canon DSLR with Bitcoin demanding ransomware,-1
The Next Web,Another chunk of the Bitcoin stolen from Bitfinex has mysteriously moved,1
Gizmodo.com,Researchers Discover Malware That Can Record the Screen of French Internet User's Watching Porn,0
The Next Web,Satoshi Nakaboto: ‘Bitcoin falls back to $1000′,-1
The Next Web,Satoshi Nakaboto: ‘Bitcoin market cap rivals world’s largest beer company’,1
The Next Web,Satoshi Nakaboto: ‘A day of consolidation in Bitcoin’,1
Vice News,Criminals are racing to cash out their Bitcoin,-1
Gizmodo.com,23 Texas Government Agencies Knocked Offline in 'Coordinated Ransomeware Attack',0
Engadget,YouTube sues user who extorted others through fake takedown requests,0
Lifehacker.com,What to Do When You Receive a Takedown Request,0
New York Times,Ransomware Attacks Are Testing Resolve of Cities Across America,-1
The Guardian,Bitcoin worth £90000 seized from hacker to compensate victims,1
The Next Web,Satoshi Nakaboto: ‘Hal Finney calculated a Bitcoin price of $10 million per coin’,1
Motley Fool,2 Top Blockchain Stocks to Buy Now,1
The Next Web,California man laundered $25M through his own DIY Bitcoin ATM and exchange,1
The Next Web,Satoshi Nakaboto: ‘Craig Wright set to lose a whopping $5B worth of Bitcoin’,-1
Gizmodo.com,"Man Claims He Invented Bitcoin, Is Ordered to Pay Billions in Bitcoin",0
The Next Web,Satoshi Nakaboto: ‘Bitcoin dips below $10K — again :(’,-1
The Next Web,Satoshi Nakaboto: ‘Portugal declares Bitcoin trading and payments tax-free’,1
The Next Web,Satoshi Nakaboto: ‘Bitcoin consolidates around $9500’,1
The Next Web,Satoshi Nakaboto: ‘Bitcoin trading volume hits 138-day low’,-1
The Next Web,Moonday Mornings: North Korea denies earning $2B by hacking cryptocurrency exchanges and banks,0
The Next Web,"Dutch central bank has new rules for crypto, says it’s ‘vulnerable to financial crime’",-1
The Next Web,Satoshi Nakaboto: ‘VanEck and SolidX’s ‘Bitcoin ETF’ is not exactly an ETF’,1
The Next Web,Satoshi Nakaboto: ‘Bitcoin worth as much as PepsiCo’,1
Mashable,No idea how to invest in stocks or cryptocurrency? Take this cheap online course.,0
The Next Web,Satoshi Nakaboto: ‘Bitcoin whale moves $1B worth of Bitcoin for just $700 in fees’,1
The Next Web,Satoshi Nakaboto: ‘Analyst predicts monster Bitcoin rally’,1
The Next Web,Satoshi Nakaboto: ‘Bitcoin millionaire threatened by home invader with shotgun – jumps off balcony’,0
Ars Technica,Someone moved $1 billion in a single bitcoin transaction,1
The Next Web,Satoshi Nakaboto: ‘Akon favors Bitcoin over ‘military-backed’ dollar’,1
Gizmodo.com,"France Vows to Block Facebook's Libra Currency in Europe, Suggests 'Public Digital Currency' Instead",-1
The Next Web,Scammers are now selling stolen cash for Bitcoin on the dark web,0
The Verge,Free stock trading could come to Square’s Cash app,1
The Next Web,"Satoshi Nakaboto: ‘Bitcoin should be worth $10000 right now, according to John McAfee’",1
The Next Web,Satoshi Nakaboto: ‘Tim Draper now says his $25000 Bitcoin price forecast is conservative’,1
The Next Web,Satoshi Nakaboto: ‘SegWit transactions account for over 50% of all Bitcoin payments’,0
The Next Web,Satoshi Nakaboto: ‘VanEck and SolidX withdraw ETF proposal again — lol’,-1
The Next Web,Satoshi Nakaboto: ‘Daily total Ethereum transaction fees surpass Bitcoin’s’,0
The Next Web,Satoshi Nakaboto: ‘Bitcoin network shifted the equivalent of 412 tons of gold in one day’,1
The Next Web,Satoshi Nakaboto: ‘Largest derivatives exchange to launch Bitcoin options in Q1 2020’,1
The Next Web,Satoshi Nakaboto: ‘Top 1000 Bitcoin addresses own 34% of the total supply’,0
Engadget,Facebook's Libra currency will get half its backing from the US dollar,-1
The Guardian,Lastminute.com wouldn't accept my gift card for a holiday,0
The Next Web,Dollar-pegged stablecoin Tether is now the world’s 4th biggest cryptocurrency,1
The Next Web,Satoshi Nakaboto: ‘Bitcoin hits lowest price in 103 days’,-1
The Next Web,UK police just sold criminally-seized Bitcoin for above market rates,1
Mashable,Black-market weed vape company linked to lung crisis is verified on Instagram,0
Forbes,Bitcoin Mayhem Results In Mixed Messages,-1
MarketWatch,"Cryptos: Bitcoin treads water around $8,000 after its worst week of the year",-1
The Next Web,"Satoshi Nakaboto: ‘$10M Chinese Bitcoin farm burns, network gets clogged’",-1
The Verge,A disgraced Tor developer has resurfaced to testify against one of his accusers,0
The Next Web,Satoshi Nakaboto: ‘John McAfee reiterates his 2020 $1M Bitcoin price prediction’,1
The Next Web,Ransomware attack hits Spanish city demanding undisclosed amount of Bitcoin,0
The Next Web,Satoshi Nakaboto: ‘Every $1 of Bitcoin mined in the US responsible for $49 in human and environmental damages’,-1
Yahoo Entertainment,"Bitcoin Dips Below 7,987.3 Level, Down 2%",-1
Gizmodo.com,What's Going to Happen With Bitcoin?,0
The Next Web,Satoshi Nakaboto: ‘Bitcoin volume hits all-time high in Hong Kong’,1
The Next Web,"Satoshi Nakaboto: ‘Bitcoin market cap rivals HSBC, Europe’s largest bank’",1
The Next Web,Satoshi Nakaboto: ‘SEC rejects another Bitcoin ETF proposal’,-1
The Next Web,Satoshi Nakaboto: ‘Avocado-based quant model suggests Bitcoin has further to fall’,-1
The Next Web,Satoshi Nakaboto: ‘Rapidly growing number of addresses hold more than 1000 BTC’,1
Yahoo Entertainment,Tales of Crypto-Currency: Bitcoin Jihad in Syria and Beyond,0
The Next Web,Satoshi Nakaboto: ‘Bitcoin mining consumes as much energy as the entire country of Austria’,-1
The Next Web,"Satoshi Nakaboto: ‘CNBC anchor describes Bitcoin as antique furniture, Libra as Restoration Hardware’",-1
Gizmodo.com,Huge Child Porn Ring Busted as Authorities Cite Ability to Crack Bitcoin Privacy,-1
The Next Web,"Satoshi Nakaboto: ‘Bitcoin dips below $8K again, fuelling bears’",-1
The Next Web,Satoshi Nakaboto: ‘Republican congressman says Facebook should embrace Bitcoin and drop Libra’,1
,HTC's Exodus 1s can run a full Bitcoin node for under $25Engadget,1
Mashable,Debunking Blockchain once and for all,0
The Next Web,"Satoshi Nakaboto: ‘Bitcoin halving prediction leads to $55K price, $1T market cap’",1
The Next Web,Satoshi Nakaboto: ‘Bitcoin’s median transaction fee hits 8-month low’,-1
The Next Web,Satoshi Nakaboto: ‘Bitcoin dips below $8K for 7th time in a month’,-1
The Guardian,Watford lead way in joining the crypto-express hoping to entice fans | Paul MacInnes,1
The Next Web,Satoshi Nakaboto: ‘Bitcoin hits lowest price in 158 days’,-1
Koinpost.com,Coming Up: Bakkt’s First Bitcoin Options on Futures,1
The Next Web,Satoshi Nakaboto: ‘Chinese congress passes ‘crypto law’ after president’s endorsement of blockchain’,1
The Next Web,Satoshi Nakaboto: ‘Bitcoin rises for third day in a row’,1
The Next Web,Bitcoin Cash’s Q3 performance was horrid — here’s what happened,-1
The Next Web,"Satoshi Nakaboto: ‘Bitcoin should be worth $125,000 right now, according to John McAfee’",1
The Next Web,Italians apparently prefer Bitcoin over Visa or MasterCard for online payments,1
Gizmodo.com,French Students Will Now Have to Learn About Bitcoin,1
The Next Web,"Satoshi Nakaboto: ‘Bitcoin market cap rivals China Mobile, China’s largest wireless carrier’",1
Wired,Inside the Icelandic Facility Where Bitcoin Is Mined,0
Wired,Inside the Icelandic Facility Where Bitcoin Is Mined,0
The Next Web,Bitcoin mining is sucking Georgia’s power grid dry — but it doesn’t matter,-1
The Next Web,"Satoshi Nakaboto: ‘Bitcoin tries to break through $9,500 (no luck, again)’",-1
The Next Web,Satoshi Nakaboto: ‘$500k lottery winner invests half of his winnings in Bitcoin’,1
The Next Web,Satoshi Nakaboto: ‘China will no longer crack down on Bitcoin mining’,1
Entrepreneur,10 Business Trends That Defined the 2010s,0
Kotaku,Oranguru Is Probably A Rick And Morty Fan And Wants To Debate You,0
Android Authority,Deal: Break into Blockchain and Ethereum,0
The Next Web,Moonday Mornings: New York condo sells for $15M in Bitcoin,1
The Next Web,Twitter CEO Jack Dorsey attends Bitcoin meetup in Ghana,1
Reuters,Hackers demand $5 million from Mexico's Pemex in cyberattack,-1
The Next Web,Satoshi Nakaboto: ‘Bitcoin rewards app Lolli among 100 most promising startups’,1
The Next Web,Satoshi Nakaboto: ‘Bitcoin price continues slow and steady decline’,-1
The Guardian,Can the planet really afford the exorbitant power demands of machine learning? | John Naughton,-1
TechCrunch,Bored of the coins,0
The Next Web,Satoshi Nakaboto: ‘200 Bitcoin devs assess new privacy and scaling upgrades’,1
The Next Web,Satoshi Nakaboto: ‘Bitcoin continues its slow but steady decline (ugh)’,-1
Gizmodo.com,Bitcoin's Carbon Footprint May Not Be As Massive As Previously Estimated,1
The Next Web,Dwight Schrute tells Bitcoin holders to give their ‘worthless cryptocurrency’ to a non-profit,-1
The Next Web,Cops nab fraudster by tracing phone number linked to Bitcoin purchases,-1
The Guardian,Who opened Dismaland bemusement park? The Weekend quiz of the decade,0
Avc.com,"History Doesn’t Repeat Itself, But It Does Rhyme",0
Slashdot.org,"Price of Bitcoin Plummets Below 'Psychological' $7,000 Level After China Promises Crackdown",-1
The Next Web,Bitcoin fraudsters target head of $230B fund in latest Facebook scam,-1
The Next Web,Satoshi Nakaboto: ‘Bitcoin ATMs installed at largest US shopping malls in time for Black Friday and Christmas’,1
The Next Web,"Satoshi Nakaboto: ‘After hitting a 6-month low, Bitcoin’s climbing again’",1
TechCrunch,Mixcloud data breach exposes over 20 million user records,0
Business Insider,A cryptocurrency expert was charged with helping North Korea evade sanctions after blockchain talk in Pyongyang,-1
Motley Fool,Ripple's $50 Million Investment in MoneyGram Is Fueling XRP Usage,1
The Next Web,Satoshi Nakaboto: ‘Coinbase users hold nearly 1 billion Bitcoin in their wallets’,1
The Next Web,Danish bank staff banned from buying Bitcoin with their own money — urged to dump holdings,-1
The Next Web,Satoshi Nakaboto: ‘Bitcoin’s market cap is now on par with Netflix’s’,1
The Next Web,Satoshi Nakaboto: ‘Bakkt CEO Kelly Loeffler appointed as US senator’,1
Lifehacker.com,Invest in Crypto Stocks Instead of Actual Cryptocurrency,1
Business Insider,Only one cryptocurrency is outperforming bitcoin this year — and its exchange has pioneered the practice of destroying coins every quarter,1
Forbes,Why Every Business Leader Needs To Know About Narrative Economics,0
The Next Web,"Satoshi Nakaboto: ‘Ermahgerd, there’s a Bitcoin node in the International Space Station now’",1
The Next Web,Satoshi Nakaboto: ‘Bakkt launches monthly Bitcoin options and Bitcoin Cash settled futures’,1
The Next Web,Satoshi Nakaboto: ‘Bitcoin price is slowly but consistently declining again’,-1
Gizmodo.com,Ring User Blocks $400K Bitcoin Extortion Attempt by Taking Out the Batteries,-1
New York Times,5 Charged in New Jersey in $722 Million Cryptocurrency Ponzi Scheme,-1
Mashable,This top-rated app makes managing holiday finances a bit less stressful,0
Forbes,Crypto Ponzi Scheme; China Dominates Bitcoin Mining,-1
The Next Web,Satoshi Nakaboto: ‘Cryptocurrency isn’t a sausage-fest? Study suggests 43% of Bitcoin investors are women’,0
New York Times,"Trump Letter, F.B.I., Bitcoin: Your Tuesday Evening Briefing",0
TechCrunch,All tulips must wilt,-1
The Next Web,Satoshi Nakaboto: ‘Wake up and smell the hopium — Bitcoin is up 9.5%’,1
The Next Web,Satoshi Nakaboto: ‘Company uses excess heat from Bitcoin mining to build office heater’,1
Forbes,Bitcoin Cash To Surpass BTC Market Cap Says Roger Ver,1
The Next Web,Bitcoin and blockchain books for every reading level — from baby to big brain,1
Mashable,"The 10 worst dating trends of the decade, from 'orbiting' to 'breadcrumbing'",0
The Next Web,13 fun Bitcoin and blockchain tweets that epitomize this wild industry,1
Forbes,The 2010s In Bitcoin: The Year 2011,0
The Next Web,Here’s how law enforcement catches cryptocurrency criminals,-1
Gizmodo.com,YouTube Restores Hundreds of Cryptocurrency Videos After Flagging Them as Harmful,1
ABC News,"Amazon, Ring face lawsuit over alleged 'vulnerable' security cameras",0
Slashdot.org,"Superphones, Hyperloops, and Other Tech Predictions That Haven't Happened (Yet)",0
BBC News,Hunting the missing millions from collapsed cryptocurrency,-1
The Guardian,Miranda Sawyer’s best radio and podcasts of 2019,0
The Guardian,"US election, Brexit and China to sway the markets in 2020",0
Cotten.io,Delaying the Inevitable: Muir Glacier and the Ethereum Difficulty Bomb,-1
Quartz India,"What about digital currency? Our 2020 predictions for bitcoin, Libra, and the digital yuan",0
Forbes,"No, Bitcoin Isn’t Going For Anywhere Near $24,000 In Iran—Here’s Why",-1
Forbes,China Shuns Bitcoin; More Google Censorship?,-1
The Next Web,Satoshi Nakaboto: ‘John McAfee refuses to eat his dick’,0
Business Insider,"No, bitcoin is not the new gold",-1
The Next Web,Satoshi Nakaboto: ‘Bitcoin price surges 5% for second day in a row’,1
Seths.blog,Patient Capital: How long is the long run?,0
The Next Web,"Satoshi Nakaboto: ‘Bitcoin upgrade makes transactions up to 75% cheaper, 2.5 times faster’",1
ReadWrite,MultiChain vs Ethereum : The Ulitmate Face Off,0
Business Insider,Here are all the companies Airbnb has acquired to help it grow into a $31 billion business,0
The Next Web,"Satoshi Nakaboto: ‘Bitcoin consolidates just above $8,000’",1
The Next Web,Satoshi Nakaboto: ‘Bitcoin options start trading on Chicago’s CME exchange’,1
Mashable,Bitcoin whale moves $1.1 billion in bitcoins for an $80 fee,1
The Next Web,"$1.4B in illicit Bitcoin was laundered via Binance and Huobi last year, report says",-1
The Next Web,Satoshi Nakaboto: ‘Bitcoin is now worth as much as McDonald’s’,1
Yahoo Entertainment,"Bitcoin Climbs Above 9,034.6 Level, Up 0.65%",1
Forbes,Forget The Halving—Could This Be What Sends Bitcoin Over $1000?,1
The Next Web,Satoshi Nakaboto: ‘Crypto Twitter explodes over sceptic Peter Schiff losing all his Bitcoin’,-1
The Next Web,Satoshi Nakaboto: ‘Kim Dotcom wants to bring a billion users to crypto’,1
Forbes,Bitcoin Demystified: Understanding The New Economy Of Currency,1
The Next Web,Satoshi Nakaboto: ‘Bitcoin markets cool amid coronavirus uncertainty’,-1
The Next Web,Satoshi Nakaboto: ‘Elon Musk says Bitcoin is good for illegal payments — and that’s about it’,-1
WOLF STREET,"Tesla's Global Deliveries Compared to the Top 10: Volkswagen, Toyota, GM, Ford, Honda, FCA, Mercedes… Here's the Chart - WOLF STREET",0
Yahoo Entertainment,Does This Picture Mean the 4th Amendment Is Dead?,0
The Next Web,Satoshi Nakaboto: ‘Bitcoin is now worth as much as Nike’,1
The Next Web,Satoshi Nakaboto: ‘Bitcoin edges up as global markets take coronavirus beating’,-1
Mashable,2019 was a phenomenal year for cryptocurrency (scams),-1
Wikihow.com,How to Mine Bitcoins,0
The Next Web,"Satoshi Nakaboto: ‘We should be investing in blockchain, says Andrew Yang’",1
CoinDesk,Stacking Fasts: Inside the Crypto Community’s New Diet Craze,0
Android Authority,Harness the power of your Raspberry Pi for just $34,1
The Next Web,Satoshi Nakaboto: ‘Nobel Prize-winning economist wants cryptocurrencies shut down’,-1
The Next Web,"Satoshi Nakaboto: ‘Bitcoin price should be $200K by now, according to John McAfee’s prediction’",1
The Next Web,Satoshi Nakaboto: ‘Tesla valuation exceeds Bitcoin market cap’,0
The Next Web,Satoshi Nakaboto: ‘Bitcoin keeps ascending towards $1000’,1
Wired,"Google, Amazon, and Apple Have a Trillion Dollar Problem",0
World Politics Review,Why Trump's aggressive foreign policy hasn't backfired — yet,0
HalifaxToday.ca,"Nova Scotia Power, Halifax Police warn of new phone scam - HalifaxToday.ca",0
The Next Web,Satoshi Nakaboto: ‘Bitcoin crosses $1000 again after 5-month dip’,1
The Next Web,Satoshi Nakaboto: ‘Bitcoin dips just enough to fill gap in futures market’,-1
The Guardian,Bitcoin bounces back over $1000 amid coronavirus concerns,1
BBC News,Dutch letter-bomb blackmail campaign targets companies,0
The Verge,IRS backtracks on whether video game currencies are taxable,-1
Wired,The 'Robo Revenge' App Makes It Easy to Sue Robocallers,0
Forbes,XRP Hits A 6-Month High; Crypto’s Heavy Hitters Bet On Asia,1
Entrepreneur,Why Does Warren Buffett Always Pay In Cash?,0
Slashdot.org,The Countdown To Bitcoin Halving 2020 Begins,1
The Next Web,"Satoshi Nakaboto: ‘Aww yeah, Bitcoin is back above $10K’",1
TechCrunch,DeFi aims to bridge the gap between blockchains and financial services,1
The Next Web,Satoshi Nakaboto: ‘Binance CEO says Bitcoin halving will raise its price’,1
Motley Fool,Will Bitcoin Ever Be a Serious Alternative to Gold and Stocks?,1
Forbes,Binance CEO Makes Rare Price Prediction—Says This Is When To Buy Bitcoin,1
Crypto Briefing,"Despite Lunch with Sun, Buffett Still Denies Bitcoin's Legitimacy - Crypto Briefing",-1
TechCrunch,Blockchain security startup CoolBitX raises $16.75 million Series B round,1
PCMag.com,Cryptocurrency and Taxes: What You Need to Know,-1
The Next Web,Satoshi Nakaboto: ‘Bitcoin drives 50% of Cash App’s revenue’,1
The Next Web,Satoshi Nakaboto: ‘Steven Seagal to pay $330K settlement for promoting a Bitcoin scam’,-1
Forbes,Bitcoin Paying Off For Square’s Cash App Raking In $178 Million,1
Forbes,What Is Bitcoin Telling Us About Coronavirus,0
The Next Web,Satoshi Nakaboto: ‘Virgin Galactic chair says you should have 1% of your assets in Bitcoin’,1
The Next Web,Satoshi Nakaboto: ‘Bitcoin hash rate hits all-time high’,1
Mashable,HTC's Exodus 5G router can be a Bitcoin node,1
TechCrunch,South Korea passes one of the world’s first comprehensive cryptocurrency laws,1
The Next Web,Satoshi Nakaboto: ‘New York power plant makes $50K a day mining Bitcoin’,1
,A Cautious Guide to Cryptocurrency in 202Iwillteachyoutoberich.com,-1
The Next Web,Satoshi Nakaboto: ‘Bitcoin plunges alongside global markets’,-1
The Next Web,"Satoshi Nakaboto: ‘Bitcoin hits 3-month low as it dips below $8,000’",-1
TechCrunch,"Stocks change their mind again, falling sharply this morning in early trading",-1
TechCrunch,"Bitcoin is also having a very, very bad day",-1
TechCrunch,Daily Crunch: FDA approves speedier coronavirus test,0
Forbes,Dire Bitcoin Warning As Confidence ‘Evaporates’ Amid $100 Billion Crypto Rout,-1
Mashable,Stuck at home? It's the perfect time to build your own robot.,0
TechCrunch,Former Coinbase exec is now down with OCC (the Office of the Comptroller of the Currency),-1
Mashable,Coinbase Card now works with Google Pay,1
The Next Web,"Satoshi Nakaboto: ‘Bitcoin price stabilizes around $5,000’",1
The Next Web,Satoshi Nakaboto: ‘Square gets green light to become a bank’,1
The Next Web,Satoshi Nakaboto: ‘Bitcoin bounces 18% in 24 hours’,1
I-programmer.info,The Days of Bitcoin Mining Are Nearly over (2019),-1
Forbes,Here’s How To Predict Major Moves In The Price Of Bitcoin,0
The Next Web,Satoshi Nakaboto: ‘Chinese government launches national blockchain network’,0
The Next Web,Satoshi Nakaboto: ‘Bitcoin rises while markets take another hit’,1
The Next Web,Satoshi Nakaboto: ‘Brave browser adds support for Bitcoin’,1
The Next Web,"Satoshi Nakaboto: ‘Bitcoin price should be $250K by now, according to John McAfee’s prediction’",0
The Next Web,"Satoshi Nakaboto: ‘Bitcoin price stabilizes around $6,700’",1
Forbes,Bitcoin Will ‘Moon’ If The U.S. Creates A New Digital Dollar,1
The Guardian,Social disease: how fraudsters adapt old scams to exploit coronavirus,0
The Next Web,Satoshi Nakaboto: ‘Bitcoin is now worth as much as PayPal’,1
The Next Web,Satoshi Nakaboto: ‘Bitcoin and S&P 500 Index highly correlated during coronavirus liquidation’,1
The Next Web,Satoshi Nakaboto: ‘Bitcoin loses top position on CoinMarketCap index’,-1
The Next Web,"Satoshi Nakaboto: ‘Rich Dad Poor Dad author suggests saving Bitcoin, not cash’",1
The Next Web,Satoshi Nakaboto: ‘Bitcoin exchanges see user influx since coronavirus outbreak’,1
Forbes,Bitcoin’s Huge Surge This Week Could Be The Tip Of The Iceberg As Trader’s Recall 2017 Gold Rush,1
Forbes,Bitcoin Surges Amid Crisis; Binance’s Surprising Addition,1
Forbes,Bitcoin Is On Fire,1
The Next Web,"Satoshi Nakaboto: ‘Bitcoin climbs above $7,000 for the first time since the coronavirus meltdown’",1
The Next Web,Satoshi Nakaboto: ‘Bitcoin correlates with S&P 500 during coronavirus pandemic’,1
Gizmodo.com,Travelex Reportedly Paid Ransomware Hackers 285 Bitcoin Worth Over $2 Million,-1
Cpacanada.ca,"Extortion emails back on the rise, says report",-1
Forbes,Bitcoin’s Next Boom Has Already Begun,1
Hackaday,$100k to Crack a Bitcoin Wallet,-1
Business Insider,Former hedge-fund titan Mike Novogratz says now's the time to buy bitcoin — even though it's down more than 30% over 2 months,1
The Next Web,Satoshi Nakaboto: ‘Bitcoin halving search interest reaches all-time high’,1
The Next Web,Satoshi Nakaboto: ‘Exchanges see 10% of Bitcoin withdrawn during coronavirus pandemic’,-1
The Next Web,Satoshi Nakaboto: ‘Daily value transfer on Ethereum now on par with Bitcoin’,1
The Next Web,Satoshi Nakaboto: ‘Grayscale Bitcoin Trust now manages 2% of all Bitcoin’,1
New York Times,Pharmacist Arrested in Plot to Firebomb a Rival to Sell More Drugs on the Dark Web,0
Forbes,"Google, Facebook And Apple Need To Kill Bitcoin To Survive",-1
The Next Web,Satoshi Nakaboto: ‘Prominent hedge fund starts trading Bitcoin futures’,1
The Next Web,"Satoshi Nakaboto: ‘Not Bitcoin, but oil fell to $0’",0
ReadWrite,Could Cryptocurrency Applications Change the Future of Digital Payment?,1
The Next Web,"Satoshi Nakaboto: ‘$1,200 Bitcoin purchases hit crypto exchanges, equivalent of stimulus’",1
Hackaday,"This Week in Security: Nintendo Accounts, Pernicious Android Malware, and an iOS 0-day",0
Techmeme.com,"China-based Bitcoin miner maker Ebang files for a US IPO; Ebang had revenue of $109M in 2019, down from $319M in 2018 (Yogita Khatri/The Block)",1
Torrentfreak.com,Anti-Piracy Lawyer Offers to Withdraw Twitter Complaint Against Popcorn Time in Exchange for a Settlement,0
Business Insider,Global stocks jump after Japan ramps up economic stimulus and governments look to ease lockdowns,1
The Next Web,Satoshi Nakaboto: ‘Binance launches Bitcoin mining pool’,1
The Next Web,Satoshi Nakaboto: ‘Putin explains why Russia won’t have a national cryptocurrency’,0
TechCrunch,Andreessen Horowitz just closed its second crypto fund,1
The Next Web,Satoshi Nakaboto: ‘Bitcoin overtakes gold as best-performing asset of 2020’,1
Forbes,Forget The Halving—Is This The Real Reason Bitcoin Suddenly Soared Toward $1000?,1
Forbes,Bitcoin Booms As Halving Looms; Risk-Free Bitcoin Profits,1
The Next Web,Satoshi Nakaboto: ‘Here’s what experts expect from the Bitcoin halving’,1
Forbes,John McAfee Thinks He’s Solved Bitcoin’s Greatest Mystery—Who Is Satoshi Nakamoto?,0
The Next Web,"Gambling on Bitcoin with Trump’s $1,200 corona check was a good bet",1
Slashdot.org,"Details of 44 Million Pakistani Mobile Users Leaked Online, Part of Bigger 115 Million Cache",0
Gizmodo.com,Teenager Accused of Leading Ring of 'Evil Geniuses' on $24 Million 'Cybercrime Spree',-1
Forbes,‘Detached From Reality’—Elon Musk Makes Stark Stimulus Check Warning,-1
Forbes,"Bitcoin Tops $1000; Bitcoin ETF Now Live, Aye",1
Slashdot.org,It Happened: Bitcoin Just Experienced Third Halving In Its History,1
Gizmodo.com,"Madonna, Mariah Carey and Other Major Celebs Are Caught up in a Recent Ransomware Attack",-1
TechCrunch,FalconX raises $17M to power its crypto trading service,1
Slashdot.org,JPMorgan Extends Banking Services To Bitcoin Exchanges,1
The Next Web,Satoshi Nakaboto: ‘Bitcoin rises 5% for second consecutive day’,1
Mashable,J.K. Rowling is four cocktails in and talking trash about Bitcoin,-1
Wired,Now Chrome Can Block Ads That Leach Power From Your CPU,1
The Next Web,Satoshi Nakaboto: ‘Bitcoin transaction fees surged 800% in one month’,1
Avc.com,American Kingpin,0
The Next Web,Satoshi Nakaboto: ‘VC firm Andreessen Horowitz predicts explosive Bitcoin growth’,1
Business Insider,A crypto investor lost nearly $25000 after his chosen fund collapsed during the coronavirus sell-off,-1
Entrepreneur,8 Reasons Why This Could Be the Time to Take Bitcoin Seriously,1
Forbes,"No, Isis Is Not Using Bitcoin To Hide $300 Million",0
Entrepreneur,4 Surprising Silver Linings to COVID-19,0
The Next Web,Satoshi Nakaboto: ‘Bitcoin continues downtrend with 5% loss in one day’,-1
The Next Web,Satoshi Nakaboto: ‘Visa approves launch of crypto debit card in Europe’,1
The Next Web,Satoshi Nakaboto: ‘S&P 500 outperformed Bitcoin over the past year’,-1
Business Insider,"Goldman Sachs lists 5 reasons why bitcoin is 'not an asset class', nor 'a suitable investment' (BTCUSD)",-1
The Next Web,Satoshi Nakaboto: ‘Winklevoss deal brings BTC trade to Samsung users in US and Canada’,1
Forbes,J.P. Morgan—Bitcoin’s ‘Biggest Enemy’—Suddenly Appears To Be Going All In On Crypto,1
Forbes,Goldman Sachs Slams Bitcoin; Coinbase Welcomes High Rollers,-1
Forbes,Bitcoin Could Be About To Surge To $10000 After Stock-To-Flow Update Revealed,1
Business Insider,'Get on the train': Famed investor Michael Novogratz says bitcoin will soon break the $1000 threshold as US turmoil spreads (BTCUSD),1
The Next Web,"Satoshi Nakaboto: ‘Bitcoin plummets almost $700 in an hour, back below $10K’",-1
Lifehacker.com,How to Buy a Burner Phone,0
The Next Web,Satoshi Nakaboto: ‘Bitcoin on its way back to $1000’,1
Forbes,Bitcoin Supply Is Limited By More Than Just The Halvings,-1
Slashdot.org,New Java-Based Ransomware Targets Linux and Windows Systems,-1
ReadWrite,Bitcoin Emerges as New Standard in Post-COVID Economy?,1
Gizmodo.com,"God Help Us, the Winklevoss Twins Are Co-Producing a Movie About Their Bitcoin Journey",1
The Next Web,Satoshi Nakaboto: ‘Winklevii to turn Bitcoin Billionaires book (about themselves) into a film’,1
The Next Web,Satoshi Nakaboto: ‘Microsoft releases Bitcoin-based identity tool to combat COVID-19’,1
The Next Web,"Satoshi Nakaboto: ‘Bitcoin falls more than 5%, in tandem with financial markets’",-1
MacRumors,'OpenCore Computer' Launches Commercial Hackintosh in Violation of Apple's macOS Licensing Agreement,0
Slashdot.org,The US Government Just Paid a Crypto Startup to Explore Digital Dollars,1
The Next Web,"Satoshi Nakaboto: ‘JPMorgan flips, says Bitcoin is maturing’",1
Forbes,Top Investors Unfazed: Bitcoin Is On Track For Explosive Rally To $50k,1
The Next Web,"Satoshi Nakaboto: ‘Affordable, solar-powered Bitcoin node kit launches in Africa’",1
The Next Web,Satoshi Nakaboto: ‘Bitcoin broker sees 77% of its 2020 growth from boomers’,1
The Next Web,"Satoshi Nakaboto: ‘Donald Trump ordered clampdown on Bitcoin, Bolton book alleges’",-1
Herokuapp.com,RSS Box – RSS for websites that do not support RSS,0
VentureBeat,Polyient Games will invest in early-stage startups making blockchain games infrastructure,1
Wired,Anonymous Stole and Leaked a Megatrove of Police Documents,0
TechCrunch,Singapore-based options trading platform Sparrow raises $3.5 million Series A,1
TechCrunch,Crypto Startup School: The legal and fundraising implications of crypto tokens,-1
Mashable,Learn how to invest in cryptocurrencies with this set of online classes,0
The Next Web,"Satoshi Nakaboto: ‘Australians can now buy Bitcoin at 3,500 post offices’",1
Seeking Alpha,Debunking Common Bitcoin Myths,0
Forbes,Trump’s Empty Bitcoin Threat; PayPal Prepping For Crypto Trading,1
The Next Web,Satoshi Nakaboto: ‘Data shows 61% of Bitcoin hasn’t moved in over a year’,-1
Reuters,More Britons take a bet on bitcoin - Reuters,1
Wired,New Mac Ransomware Is Even More Sinister Than It Appears,0
The Next Web,Satoshi Nakaboto: ‘Major Tesla investor thinks Bitcoin’s market cap will be 10% of gold’s by 2025’,1
Monokh.com,Bitcoin from Scratch – Part 1,0
FX Empire,"EOS, Ethereum and Ripple's XRP - Daily Tech Analysis – July 4th, 2020 - FX Empire",0
,Gain access to thousands of online courses for under £5Mashable,1
Slashdot.org,Venture Capitalists' Critiques of Journalism Secretly Leaked to Journalists,0
The Next Web,Satoshi Nakaboto: ‘New app lets you send and receive Bitcoin directly from and to your bank account’,1
The Next Web,Satoshi Nakaboto: ‘Leaked data shows how the FBI uncovers Bitcoin laundering’,-1
New York Times,How Everclear Became a Pandemic Favorite,0
The Next Web,Satoshi Nakaboto: ‘Investment firm says Jack Dorsey leads Bitcoin’s unofficial marketing dept’,1
CoinDesk,"Attempted 51% Attack on Bitcoin Gold Was Thwarted, Developers Say",1
Forbes,DeFi Boom Has Saved Bitcoin From Plummeting,1
Gizmodo.com,"Nvidia Might Stop Making Some RTX 20-Series Cards Soon, Which Could Drive Up GPU Prices",0
The Next Web,Satoshi Nakaboto: ‘Bitcoin mining difficulty hits new all-time high’,1
TechCrunch,Many popular Twitter accounts simultaneously hacked to spread cryptocurrency scam,-1
Engadget,The FBI is investigating the Twitter Bitcoin hack,0
Engadget,Twitter's Bitcoin hackers had almost limitless access,-1
Engadget,Twitter confirms 'Bitcoin' hackers copied the data of several accounts,-1
MarketWatch,‘Embarrassed’ Twitter says last week’s hack targeted 130 accounts - MarketWatch,-1
The Verge,Coinbase says it halted more than $28000 in bitcoin transactions during Twitter hack,-1
The Next Web,Satoshi Nakaboto: ‘Coinbase says it prevented $280K in Bitcoin from reaching Twitter hackers’,-1
The Next Web,Satoshi Nakaboto: ‘Bitcoin inches up after trading flat for 2 weeks’,1
Mashable,Steve Wozniak sues YouTube over Bitcoin scam videos,-1
The Next Web,Satoshi Nakaboto: ‘Steve Wozniak sues YouTube over Bitcoin scams using his name and face’,-1
The Verge,Elon Musk says his Twitter DMs are mostly for swapping memes,0
Reuters,Bitcoin rises above $1000 for first time since early June - Reuters UK,1
Reuters,Bitcoin rises above $1000 for first time since early June - Reuters India,1
TechCrunch,"Bitcoin bulls are running, as prices spike above $11K",1
The Next Web,Satoshi Nakaboto: ‘Grayscale exceeds $5B in Bitcoin under management’,1
The Next Web,Satoshi Nakaboto: ‘Iranian power plants can now mine Bitcoin’,1
Engadget,Tampa teenager arrested for Twitter Bitcoin hack,1
Wired,How the Alleged Twitter Hackers Got Caught,1
Oonwoye.com,Tech Journalism Is Less Diverse Than Tech. Here Are the Numbers,0
Engadget,Twitter hacker was previously caught stealing a fortune in Bitcoin,-1
Gizmodo.com,This Ransomware Stole $25 Million in 5 Months,-1
Gizmodo.com,Pranksters Stream Porn During Zoom Hearing for Alleged 17-Year-Old Twitter Hacker,0
TechCrunch,Casa pivots to provide self-custody services to secure bitcoin,1
Wired,Hackers Flood Reddit With Pro-Trump Takeovers,0
Android Central,How malware started a Bitcoin hack that YouTube just can’t keep up with,-1
Boing Boing,This Spanish language training wants to rewire your mind,0
Slashdot.org,"Richard Stallman Discusses Privacy Risks of Bitcoin, Suggests 'Something Much Better'",1
The Next Web,Satoshi Nakaboto: ‘Bitcoin mining is profitable again’,1
The Next Web,Satoshi Nakaboto: ‘Nasdaq-listed company buys $250M of Bitcoin to dodge inflation’,1
The Next Web,Satoshi Nakaboto: ‘Coinbase to offer cash loans backed by Bitcoin’,1
Reuters,Time to buy Bitcoin: ex-Prudential CEO George Ball - Reuters,1
Boing Boing,"If you've never written a screenplay before, here's what you should know first",0
Boing Boing,Finally…smart glasses that work like a dream and don't look amazingly dumb,0
Reuters,Bitcoin hits highest in 13 months as 2020 rally gathers steam - Reuters,1
The Next Web,Satoshi Nakaboto: ‘Bitcoin ends day above $12K for first time in a year’,1
The Next Web,Satoshi Nakaboto: ‘Big dog billionaire investor says Fed should add Bitcoin to its reserve’,1
The Next Web,Satoshi Nakaboto: ‘European app claims flight delay compensation for you in BTC’,1
The Next Web,Satoshi Nakaboto: ‘Bitcoin is now worth as much as Netflix’,1
Thecorrespondent.com,"Blockchain, the Solution for Almost Nothing",-1
Engadget,FBI and CISA warn against surge in voice phishing campaigns,0
The Next Web,Satoshi Nakaboto: ‘Bitcoin hovering above $1000 for second-longest time ever’,1
The Next Web,Satoshi Nakaboto: ‘Ryanair CEO believes Bitcoin is a ponzi scheme’,-1
TechCrunch,Cryptocurrency exchange FTX acquires portfolio tracker Blockfolio,0
The Next Web,Satoshi Nakaboto: ‘Fidelity launches Bitcoin index fund for wealthy investors’,1
The Next Web,Satoshi Nakaboto: ‘Winklevoss twins make the case for $500K Bitcoin’,1
Engadget,The Morning After: Elon Musk's brain implant is working -- in pigs,0
Forbes,"Bitcoin To $50000? Plus, Fidelity Files For New Bitcoin Fund",1
Ritholtz.com,10 Monday AM Reads,0
The Next Web,Satoshi Nakaboto: ‘Swiss health insurer now accepts Bitcoin as payment’,1
The Next Web,Satoshi Nakaboto: ‘Pornhub now accepts Bitcoin’,1
The Next Web,Satoshi Nakaboto: ‘Bitcoin dives 5% after hitting $12K again’,-1
Forbes,‘Worried’ Bitcoin Bull Michael Novogratz Warned Over Speculative Crypto ‘Frenzy’,-1
Forbes,Bitcoin Plunged 50% In March; 5 Reasons That Isn't Likely To Happen Again,1
Forbes,Bitcoin Crashes With Tech Stocks; DeFi’s $1 Billion Token,-1
The Next Web,Satoshi Nakaboto: ‘Kazakhstan to pump $700M into crypto mining’,1
Reuters,INSIGHT-How bitcoin met the real world in Africa - Reuters Africa,1
The Next Web,Satoshi Nakaboto: ‘Just Eat customers in France can now order food with Bitcoin’,1
Gizmodo.com,"Crypto Traders Cut Out the Middleman, Simply Rob Victim",-1
The Next Web,Satoshi Nakaboto: ‘Bitcoin sees highest trading volume in 118 days’,1
Yahoo Entertainment,A woman deliberately cut off her hand with a circular saw in a $1.2m insurance scam,0
Business Insider,$100 million blockchain startup BRD just added new tools to help the likes of Deloitte and KPMG make cryptocurrency more accessible to customers,1
The Next Web,Satoshi Nakaboto: ‘Bitcoin hashrate hits new all-time high’,1
The Next Web,Satoshi Nakaboto: ‘Bitcoin inches closer to $11K’,1
The Next Web,Satoshi Nakaboto: ‘MicroStrategy buys another $175M in Bitcoin’,1
The Next Web,Satoshi Nakaboto: ‘Kraken just got a US banking license’,1
The Next Web,Satoshi Nakaboto: ‘Number of Bitcoin ATMs surpasses 1000 worldwide’,1
Forbes,Coronavirus Is Shaping Up To Be Very Bad For Banks—But Great For Bitcoin,1
Forbes,Stimulus Checks From A Crypto Exchange; Bitcoin Rebound,1
The Next Web,Satoshi Nakaboto: ‘Norwegian government indirectly owns hundreds of Bitcoin’,1
Engadget,'The Dark Overlord' hacking group member sentenced to five years in prison,0
The Next Web,Satoshi Nakaboto: ‘Iran to auction surplus energy to Bitcoin miners’,1
BBC News,'One day everyone will use China's digital currency',1
The Next Web,Satoshi Nakaboto: ‘Winklevosses launch their Bitcoin exchange in the UK’,1
The Wall Street Journal,The IRS Sets a Trap for Cryptocurrency Tax Cheats,-1
Btctimes.com,Hal Finney’s Proposal for Optimizing Bitcoin to Be Enabled in Bitcoin Core,1
The Next Web,Satoshi Nakaboto: ‘88% of all Bitcoin has been mined’,1
The Next Web,Satoshi Nakaboto: ‘Grayscale now owns 2.5% of Bitcoin’s total supply’,1
The Next Web,"Satoshi Nakaboto: ‘Bitcoin and blockchain tech are the future of Twitter, Jack Dorsey says’",1
The Next Web,Satoshi Nakaboto: ‘Jack Dorsey slams Coinbase CEO for overlooking its users’ societal issues’,-1
The Next Web,Satoshi Nakaboto: ‘Ethereum miners were 6x more profitable than Bitcoin miners in September’,-1
Bitcoin.com,Interest in Bitcoin Soars in Egypt Amid Economic Crisis and Unemployment | News - Bitcoin News,1
Forbes,A Major Tesla Investor Has Predicted Bitcoin Will Be Worth More Than $1 Trillion In Under 10 Years,1
Mashable,"Noted bath salts fan John McAfee arrested, charged with crypto fraud and tax evasion",-1
Reuters,UK watchdog bans Bitcoin-based products for retail investors - Reuters,-1
The Next Web,Esports and gaming stocks are returning more profit than Bitcoin,-1
Reuters,Crypto exchange BitMEX overhauls management after U.S. criminal charges - Reuters Canada,-1
Reuters,Japan has no plan to issue digital currencies now but will deepen research - Reuters,0
Wired,The Law Comes for John McAfee,-1
Forbes,"Neither Trump Nor Biden Will Help The U.S. Dollar, Warns Early Facebook Exec—Calls Bitcoin An ‘Insurance Policy’",1
Reuters,BoE's Bailey sees little intrinsic value in Bitcoin - Reuters,1
Entrepreneur,Lessons from the Recent KuCoin $150 Million Crypto Hack Incident,1
TechCrunch,Twitter hack probe leads to call for cybersecurity rules for social media giants,-1
MarketWatch,The Tell: A 90x return in just five years? Former Goldman Sachs hedge-fund manager says an ‘enormous wall of money’ is coming,1
GameSpot,Atari Is Making Cryptocurrency In Addition To New Console,1
Motley Fool,10 Reasons Bitcoin Is a Terrible Investment,-1
Forbes,A Former Goldman Sachs Hedge Fund Chief Has Predicted Bitcoin Is About To Surge To $1 Million—Here’s Why,1
Reuters,"With Instagram, hashtags and bitcoin, young Nigerians boost anti-police protests - Reuters India",1
Gizmodo.com,Bitcoin Mixer Designed to Bypass Money Laundering Laws Fined $60 Million for Bypassing Money Laundering Laws,-1
TechCrunch,PayPal to let you buy and sell cryptocurrencies in the US,1
Engadget,Lyft is adding Venmo as a payment option,0
Business Insider,One technical indicator signals bitcoin can lose steam after 10% PayPal rally,-1
Forbes,Exclusive: U.K.-Listed Mode Now Holds $1 Million Of Bitcoin,1
Forbes,PayPal’s Bitcoin Strategy Is Not About Bitcoin,0
Lifehacker.com,What's Happening in Nigeria?,0
Motley Fool,Square Bought $50 Million Worth of Bitcoin: What Does it Mean to Investors?,1
Entrepreneur,What's Next for PayPal After Integrating Cryptocurrencies?,1
The Economist,Getting down with the cool kids on bitcoin,1
Reuters,Crypto hedge funds rack up steep gains on lending surge - Reuters Canada,1
Ars Technica,"Bitcoin hits $14,000 for the first time since early 2018",1
Bitcoin.com,Satoshi Nakamoto's Bitcoin White Paper: A 12-Year Old Summary of Robust Unstructured Simplicity - Bitcoin News,0
Bitcoin.com,Satoshi Nakamoto's Bitcoin White Paper: A 12-Year Old Summary of Robust Unstructured Simplicity - Bitcoin News,0
Reuters,"Spending with China's digital yuan around $300 million, PBOC says - Reuters",1
Reuters,Hong Kong will require all cryptocurrency trading platforms to be regulated - SFC - Reuters UK,-1
Mashable,Verified 'Elon Musk' Twitter account celebrates election with crypto scam,-1
TechCrunch,DOJ says it seized over $1 billion in bitcoin from the Silk Road drugs marketplace,0
Engadget,The Morning After: Xbox Series X and Series S reviews are in,0
Entrepreneur,Cutting-Edge Online Financial Strategies for the General Population,0
Bitcoin.com,"Every Major Bank Will Have Exposure to Bitcoin, Says Renowned Fund Manager Bill Miller | News - Bitcoin News",1
Business Insider,"Billionaire investor Mike Novogratz won half a bitcoin in an election bet, then gave it away through a self-hosted lottery",0
Ars Technica,Microsoft engineer gets nine years for stealing $10M from Microsoft,0
Business Insider,"The bull case for gold is still strong and you can invest without having to pay almost $1,900 to own it. The founder of a $1.3 bln gold ETF tells us how to do it",1
Wired,An Engineer Gets 9 Years for Stealing $10M From Microsoft,0
Entrepreneur,What Entrepreneurs Can Learn From Square's $50 Million Bitcoin Investment,1
Forbes,Nouriel Roubini—Crypto’s Fiercest Critic—Has Admitted Bitcoin Could Be A ‘Store Of Value’ As Price Suddenly Soars,1
Forbes,Why Joe Biden Could Be Big For Bitcoin,1
Slashdot.org,Bitcoin Is Gunning for a Record and No One Is Talking About It,1
Mashable,"Maisie Williams asks about Bitcoin. Memefest ensues, and Elon Musk joins the party.",0
Ars Technica,"Bitcoin price soars above $18,00 the highest level since 2017",1
Reuters,"Inflation-hedge, risk-on bet: What's behind bitcoin's 2020 rally? - Reuters India",1
Mashable,Bitcoin is flirting with $2000 again. How high will it go this time?,1
VentureBeat,Automated workflows are eating the world,0
Amycastor.com,Are pixie fairies behind bitcoin's latest bubble?,-1
Reuters,Smaller digital coins soar as bitcoin powers on towards record high - Reuters UK,1
Reuters,"Bitcoin hits $19,000 for first time in three years - Reuters Canada",1
Gizmodo.com,Bitcoin Could Hit $20K Again But This Time No One Cares,1
Reuters,Bitcoin falls 6% in Asian trade - Reuters,-1
Business Insider,"Bitcoin tumbles another 6%, extending biggest slide since COVID-19 struck",-1
Yahoo Entertainment,Newly Launched Bitcoin Latinum Set to Become World's Largest Insured Digital Asset,1
Forbes,"Bitcoin, Ethereum, Ripple’s XRP, Litecoin And Chainlink Suddenly Bounce Back",1
New York Times,"Online Shopping, Virus in Winter, Stock Market: Your Monday Evening Briefing",0
Reuters,Bitcoin slumps more than 5% in volatile trade - Reuters UK,-1
Reuters,MORNING BID-Comfort and joy! - Reuters UK,0
Lifehacker.com,Is the New Visa Bitcoin Rewards Card Worth It?,1
Reuters,Stocks enjoy record inflows as gold loses lustre on vaccine trade: BofA - Reuters India,0
Reuters,JD.com becomes first online platform to accept China's digital currency - Reuters India,1
Engadget,You can now spend China's digital currency at an online store,1
Bitcoin.com,Ron Paul Advises Bitcoin Proponents to 'Be Vigilant' of Government – 'There's Information Collected' - Bitcoin News,-1
Gizmodo.com,Christchurch Terrorist Abused Steroids and Donated Money to Far-Right YouTubers,0
TechCrunch,"With investors expecting a Latin American cryptocurrency boom, Mexico’s Bitso raises $62 million",1
,Learn the basics of trading cryptocurrency for $3Mashable,0
Business Insider,"Billionaire 'Bond King' Jeff Gundlach says FAANG stocks are losing steam, the economy is 'living off government rescues,' and he's neutral on bitcoin in a recent webinar. Here are his 10 best quotes.",0
,3 Cryptocurrencies That Ran Circles Around Bitcoin in 202Motley Fool,0
,MicroStrategy will have 0.3% of all Bitcoin supply by the end of 202Kevinrooke.com,1
Business Insider,The Winklevoss twins said buying Bitcoin is the 'trade of the century' and predicted a 30x return in a recent interview. Here are the 9 best quotes,1
The Verge,"Months later, the great Twitter hack still boggles my mind",0
TechCrunch,Bitcoin passes $20k and reaches all-time high,1
TechCrunch,Is rising usage driving crypto’s recent price boom?,1
Business Insider,"How to invest in bitcoin: The major ways to buy, their pros and cons, and the strategies to consider",0
Business Insider,The CIO of a new crypto fund that has returned 220% to investors this year explains why bitcoin topped $2000 for the first time ever this week — and shares another digital currency set to become the 'asset of the year' in 2021,1
Reuters,Tesla's Elon Musk asks about converting 'large transactions' to bitcoin - Reuters India,1
Gizmodo.com,Hackers Steal Thousands of Customer Emails From Popular Crypto Wallet,-1
Gizmodo.com,Ripple Claims Bitcoin Is 'Chinese-Controlled' While Announcing New Lawsuit From SEC,-1
Reuters,"From automation to Bitcoin, Canadian investors see opportunity in 2021 - Reuters UK",1
Entrepreneur,Welcome to the Fintech Age: How Digital Currency Is Transforming Payments,1
Business Insider,"Bitcoin surges to fresh record high and looks set to break the $25,000 level: 'Merry Bitmas'",1
Forbes,"As Bitcoin Blasts Past $25,00 Here’s Why This Investor Made The Surprise Decision To Sell",1
,Become an expert cryptocurrency investor with this bundle of six courses for $3Android Central,0
Slashdot.org,Bitcoin Surges 50% in Just One Month. CNN Ponders 'Insane' Record Run,1
Gizmodo.com,India Weighs 18% Tax on Bitcoin After Legalization of Cryptocurrencies,-1
Reuters,"Bitcoin hits record $28,599.99 as 2020 rally powers on - Reuters",1
Reuters,"Bitcoin touches record above $29,00 extending 2020 rally - Reuters",1
Reuters,"Bitcoin touches record above $29,00 extending 2020 rally - Reuters India",1
CNN,"Bitcoin soars past $33,00 its highest ever",1
Gizmodo.com,"Bitcoin Keeps Moving On Up, Reaching $33,000 in Value",1
The Verge,Jack Dorsey says proposed cryptocurrency regulation would create ‘perverse incentives’,-1
Reuters,"Bitcoin emergence as 'digital gold' could lift price to $146,00 says JPM - Reuters",1
Reuters,"Bitcoin breaks above $35,000 to touch new high - Reuters UK",1
Ars Technica,The world’s cryptocurrency is now worth more than $1 trillion,1
Lifehacker.com,Don't Use Telegram's New 'People Nearby' Feature,0
Entrepreneur,How 2020 Became the Year of DeFi and What's to Come in 2021,1
Motley Fool,Did You Sell or Spend Bitcoin in 2020? Here's What You Need to Know About Taxes,0
Reuters,"ANALYSIS-Cancel your weekends! Bitcoin doesn't rest, and neither can you - Reuters",1
Reuters,Breakingviews - Chancellor: Was I totally wrong about bitcoin? - Reuters,0
Reuters,Bank of England candidate feels heat from bitcoin's red-hot rally - Reuters,1
The Verge,"Jack Dorsey defends Twitter’s Trump ban, then enthuses about bitcoin",1
TechCrunch,Coinbase commits to a “better customer experience” following complaints,1
Business Insider,Michael Saylor has invested over $1 billion of MicroStrategy's funds in Bitcoin. The software CEO-turned Bitcoin whale explains why he is making such a massive bet on the digital asset.,1
HuffPost,Feds Probing Whether Enemy States Funded Insurrectionists: Report,0
Engadget,Mt. Gox exchange users may finally get to recover some of their lost Bitcoin,1
The Guardian,Is bitcoin a scam? – podcast,-1
Ars Technica,Biden Treasury pick Yellen favors new restrictions on cryptocurrency,-1
Gizmodo.com,Biden Pick for Treasury Dept Role Worked as Advisor to Controversial Crypto Company Ripple,-1
Mashable,Learn the basics of Bitcoin with some help from a pro,0
Business Insider,Iran blames 1600 Bitcoin processing centers for massive blackouts in Tehran and other cities,-1
Business Insider,Bitcoin ETP chief says institutional investors and 'access products' are key to supporting the price,1
Business Insider,"Crypto miner Marathon Patent Group pours $150 million into bitcoin as the token pulls back from record highs (MARA, MSTR)",1
Time,"In the Fight Against Extremism, Don’t Demonize Surveillance-Busting Tools like Signal and Bitcoin",1
TechCrunch,Could meme stocks like GameStop kill bitcoin’s rise?,-1
Mashable,Learn how to responsibly invest in Bitcoin with this bundle of courses,0
Mashable,"Elon Musk changes Twitter bio to #bitcoin, chaos ensues",1
TechCrunch,"India plans to introduce law to ban Bitcoin, other private cryptocurrencies",-1
Motley Fool,The 4 Most Dangerous Bitcoin Stocks,0
The Guardian,Price of bitcoin jumps after Elon Musk says it is 'a good thing',1
Mashable,Elon Musk is taking a break from Twitter again,0
Reuters,Cryptocurrency Ethereum hits record high ahead of CME futures launch - Reuters Canada,1
Gizmodo.com,"Elon Musk Returns to Twitter After 46-Hour Hiatus, Causes Dogecoin Price to Soar",1
Ars Technica,Cops can’t access $60M in seized bitcoin—fraudster won’t give password,0
Mashable,Learn how to invest and trade in cryptocurrency with this online course,0
Medium,"Green hackers around the world, let’s destroy Bitcoin",-1
Engadget,"Tesla buys $1.5 in Bitcoin, will soon accept it as payment",1
The Verge,Tesla’s $1.5 billion bitcoin purchase clashes with its environmental aspirations,1
Reuters,INSIGHT-Elon Musk wants clean power. But Tesla's carrying bitcoin's dirty baggage - Reuters,0
Ars Technica,Mastercard will support cryptocurrencies—but not the ones you think,1
TechCrunch,Jack Dorsey and Jay Z invest $23.6 million to fund Bitcoin development,1
Gizmodo.com,Bitcoin Burning a Hole in Your Pocket? Now You Can Spend It Using Apple Pay,1
Reuters,Bitcoin nears $500 wider adoption fuels record rally - Reuters,1
CP24 Toronto's Breaking News,Canadian funds move forward with Bitcoin ETFs after regulatory jockeying - CP24 Toronto's Breaking News,1
Gizmodo.com,Bitcoin Hit All-Time High at Over $500 Leaving Us in Dire Need of Sound Financial Advice,1
TechCrunch,Crypto wallet and exchange company Blockchain.com raises $120 million,1
TechCrunch,"A16z doesn’t invest, it manifests",0
ValueWalk,"Tesla CEO Elon Musk Says Bitcoin Purchase is ""Less Dumb"" Than Holding Cash",1
The Motley Fool Canada,The 1st Bitcoin ETF Launches: Should You Buy Today? - The Motley Fool Canada,1
Reuters,Bitcoin hits fresh high - Reuters,1
TechCrunch,No place is safe from failing US infrastructure,0
CNN,"Elon Musk, Bill Gates and Janet Yellen are sending bitcoin tumbling",-1
The Motley Fool Canada,Why Bitcoin Is Down Big Today - The Motley Fool Canada,-1
Mashable,"Here's how you could win $8,000 in Bitcoin, investing classes, and more",0
Mashable,Coinbase says unmasking Satoshi Nakamoto might harm its business,0
Business Insider,Bitcoin staged an epic rally in February. Here is a look back at its record-setting month.,0
Reuters,Bitcoin extends retreat from record high to hit lowest in 20 days - Reuters,-1
Reuters,MicroStrategy bitcoin holding valued at $4.38 billion after latest buy - Reuters,1
Reuters,Breakingviews - Capital Calls: China digs bitcoin hole - Reuters,-1
CNN,Why bitcoin could triple over next year,1
TechCrunch,Bitfinex launches cryptocurrency payment gateway for merchants,1
Reuters,MicroStrategy buys 205 bitcoin for $10 million - Reuters,1
Mashable,'Security expert' John McAfee expertly plotted alleged crimes over Twitter DMs,0
Reuters,Bitcoin rises 4.2% to $5947.94 - Reuters,1
Reuters,EXPAINER -Bitcoin on your balance sheet? Here's what you need to know - Reuters,0
Reuters,Twitter's Dorsey to convert proceeds from auction of first ever tweet to bitcoin - Reuters,1
Reuters,Goldman Sachs customers' demand for bitcoin rising: COO - Reuters,1
Entrepreneur,"Bitcoin Critic Slams 'Brainwashed' Son for Turning Entire Portfolio Into Bitcoin, Threatens to 'Disinherit' Him",-1
Business Insider,The BlockFi Bitcoin credit card waitlist is open — here's what to consider if you're thinking of applying,0
Reuters,Bitcoin hits $6000 in record high - Reuters,1
The Verge,India will reportedly introduce bill to make owning cryptocurrency illegal,-1
Mashable,Teen hacker behind the big Twitter hack sentenced to 3 years in prison,0
Reuters,Morgan Stanley becomes first major U.S. bank to offer its wealthy clients access to Bitcoin funds - CNBC - Reuters,1
Slashdot.org,Morgan Stanley Becomes First Big US Bank To Offer Its Wealthy Clients Access To Bitcoin Funds,1
Reuters,"U.S. CFTC orders Coinbase to pay $6.5 million for false reporting, other actions - Reuters",-1
The Next Web,Hardware wallets: Here’s what you need to know if you’re new to bitcoin,0
Engadget,Coinbase fined $6.5 million over cryptocurrency trading claims,-1
Reuters,SkyBridge's Scaramucci files to launch bitcoin ETF with First Trust Advisors - Reuters,0
Entrepreneur,"Bitcoin could cost 6 million Mexican pesos, but the fall will be brutal and will last for years, says cryptocurrency expert",-1
Engadget,Tesla now accepts Bitcoin in the US,1
TechCrunch,"Spinning out from the cryptocurrency hardware developer Bitfury, LiquidStack pitches a data center cooling tech",0
Reuters,U.S. Court orders British man to pay more than $571 million over bitcoin fraud - Reuters,-1
Business Insider,A federal court has ordered a man to pay more than $571 million in fines for operating a 'fraudulent bitcoin trading scheme',-1
Nickgrossman.xyz,Bitcoin as a Battery,0
Lifehacker.com,"How to Create NFTs for Fun and Profit, Maybe",0
TechCrunch,PayPal’s new feature allows U.S. consumers to check out using cryptocurrency,1
Lifehacker.com,What You Need to Know About Buying Cryptocurrency on PayPal,0
Engadget,Funko will combine its collectible figures with NFTs,1
Business Insider,"Ether jumps to all-time high above $2,00 in step with bitcoin's latest rally",1
Mashable,Break into FinTech with this beginner-friendly trading bundle,0
The Hustle,Meet A Guy Who Made Millions On Bitcoin — Then Millions More On NFTs,1
Slashdot.org,"Bitcoin is Trading Near $66,000 in South Korea as 'Kimchi Premium' Returns",1
TechCrunch,Coinbase’s monster Q1 in context,1
Entrepreneur,What Is Bitcoin? A Simple Investing Explainer.,0
TechCrunch,Crypto trading on Robinhood spiked to 9.5M customers in first quarter,1
Business Insider,Coinbase rival Kraken could go public next year after a surge in bitcoin trading volumes,1
Business Insider,A VC investor who was Fidelity's first cryptoasset analyst shares what he looks for in companies to back — and breaks down the 2 emerging crypto opportunities on his radar,0
Reuters,"Bitcoin above $6000 again, rises 1.32% to record $6555.97 - Reuters",1
Reuters,MicroStrategy says non-employee directors to get fee in bitcoin - Reuters,1
TechCrunch,African crypto usage spurs Luno as customers reach 7M,1
Business Insider,First North American bitcoin ETF soars past $1 billion under management as interest in crypto booms,1
Reuters,"GLOBAL MARKETS-Asian shares defensive, dollar struggles near 1-mth lows - Reuters",0
Reuters,"Turkey bans use of cryptocurrencies for payments, sends Bitcoin down - Reuters",-1
Mashable,"Dogecoin is mooning, and we're listening for the popping sound",1
Reuters,"Bitcoin falls 7.7% to $55,408 - Reuters",-1
Reuters,"GLOBAL MARKETS-Asian shares near 1-1/2 week highs, Bitcoin recoups losses - Reuters",1
Lifehacker.com,"You Can Now Exchange Crypto on Venmo, If You're Into That Sort of Thing",1
Mashable,Store your cryptocurrency with this secure wallet on sale,0
Gizmodo.com,Jack and Elon Are Promoting Bitcoin on Earth Day for Some Reason (It Makes Them Richer),1
TechCrunch,Crypto market takes a dive with Bitcoin leading the way,-1
Slashdot.org,"Elon Musk, Jack Dorsey Argue that Bitcoin Incentivises Renewable Energy",1
Slashdot.org,Why Did Bitcoin Drop 25% in Just Two Weeks?,-1
TechCrunch,Crusoe Energy is tackling energy use for cryptocurrencies and data centers and greenhouse gas emissions,-1
TechCrunch,Tesla sees bitcoin as important financial tool to access cash quickly,1
Reuters,Tesla records $27 mln in impairment losses on bitcoin investment - Reuters,-1
Reuters,China's capital probes cryptocurrency mining -sources - Reuters,1
Reuters,Bitcoin rises 6.54% to $57098.08 - Reuters,1
CNN,"Move over, Bitcoin. Ethereum is at an all-time high",1
Reuters,"UPDATE 1-Ethereum hits fresh record, eyes $3,000 barrier - Reuters",1
Slashdot.org,Tesla Has Already Sold 10% of Its Bitcoin,-1
Reuters,"Bitcoin, ethereum get S&P cryptocurrency indexes - Reuters",1
Reuters,Bitcoin rises 6.8 % to $56852.03 - Reuters,1
Reuters,Crypto currency ether rises to new record high - Reuters,1
TechCrunch,What Square’s smashing earnings tell us about consumer bitcoin demand,1
Business Insider,Fundstrat's head of digital assets research walks us through his $10000 and $1500 year-end price targets for bitcoin and ether — and shares the 8 tokens he's bullish on,0
Business Insider,"Bitcoin vs. Ethereum: 10 experts told us which asset they'd rather hold, and why (BTC-USD, ETH-USD)",0
TechCrunch,"Crypto asset manager Babel raises $40M from Tiger Global, Bertelsmann and others",1
Mashable,Mark Zuckerberg has a goat named Bitcoin and we're a little worried for it,1
Engadget,Tesla 'suspends' Bitcoin car purchases citing environmental impact,-1
Mashable,Colonial Pipeline reportedly paid millions for slow-ass decryption software,0
Gizmodo.com,"Coinbase Says Screw It, We'll Let You Buy Doge",1
Business Insider,Bitcoin bulls have long claimed the cryptocurrency is an inflation hedge. But recent price swings have challenged that idea. (BTC-USD),-1
TechCrunch,Elon Musk giveth and taketh away,-1
Wired,Elon Musk Tweets—and Crypto Markets Show Their Growing Pains,-1
Entrepreneur,Bitcoin Pizza Brand Is Here to Disrupt the Market — But it Doesn't Accept Bitcoin,-1
The Verge,Coinbase is down amid massive cryptocurrency plunge,-1
Yahoo Entertainment,"Bitcoin's star backers, dip buyers help cryptos recover - Yahoo Canada Finance",1
Reuters,Capital Calls: Bitcoin salaries - Reuters,-1
Reuters,Musk says he supports crypto in battle with fiat money - Reuters,1
Reuters,Bitcoin falls 8.9% to $34156 - Reuters,-1
Global News,"Bitcoin, Ethereum prices up as cryptocurrency bounces back from 2 weeks of losses - Global News",1
Reuters,Capital Calls: China's bitcoin crackdown redux is welcome - Reuters,-1
The Verge,Iran bans cryptocurrency mining for four months to stave off blackouts,-1
Gizmodo.com,PayPal Will Let Users Transfer Bitcoin to Third-Party Wallets,1
Reuters,Bitcoin slumps 8% as it heads for bruising monthly drop - Reuters,-1
Reuters,"Bitcoin falls 5.2% to $33849, Ether down 6.3% - Reuters",-1
Slashdot.org,Resale Prices Triple for NVIDIA Chips as Gamers Compete with Bitcoin Miners,0
Mashable,Learn about investing of all sorts with this course bundle on sale,0
Business Insider,Crypto stocks were the worst performers in the market in May – but they still did better than bitcoin,-1
Reuters,Mining rig maker Canaan argues against wholesale crackdown on bitcoin mining in China - Reuters,1
Reuters,"Bitcoin is a ""farce""- Amundi CIO - Reuters",-1
CNET,Elon Musk breaking up with Bitcoin? Cryptocurrencies slide after cryptic tweet - CNET,-1
TechCrunch,In search of a new crypto deity,0
Business Insider,"Jack Dorsey and Michael Saylor headlined the sold-out Bitcoin 2021 Miami conference. Here are their 12 best quotes from the event. (SQ, TWTR, MSTR)",1
Gizmodo.com,DOJ Seizes $2.3 Million in Cryptocurrency From Hackers After Colonial Pipeline Cyberattack,-1
BBC News,Donald Trump calls Bitcoin 'a scam against the dollar',-1
Engadget,El Salvador becomes the first country to approve Bitcoin as legal currency,1
Engadget,Meat supplier JBS paid $11 million to its ransomware attackers,-1
Gizmodo.com,Miami's Bitcoin Conference May Be the Latest Covid-19 Super Spreader Event,-1
Reuters,"Bitcoin falls 5.71% To $35,210 - Reuters",-1
Reuters,"UPDATE 1-Bitcoin rises 9.8% to $39,035 - Reuters",1
Mashable,Elon Musk says Tesla will resume Bitcoin purchases when Bitcoin gets greener,-1
Entrepreneur,Elon Musk's Tweet Radically Changed the Crypto Game. Here's What You Need to Know.,0
Reuters,"El Salvador to keep dollar as legal tender, seeks World Bank help with bitcoin - Reuters",-1
Ars Technica,"World Bank slams bitcoin, declines to help El Salvador’s cryptocurrency plan",-1
Reuters,Bitcoin falls 7% to $35431.15 - Reuters,-1
Reuters,China's cryptocurrency-mining crackdown spreads to Sichuan - Reuters,-1
Slashdot.org,What Happened When an Entire Town Went Full Crypto,0
Reuters,Cryptocurrencies tumble amid China crackdown on bitcoin miners - Reuters,-1
MarketBeat,Gold is Dead? Should You Opt for Gold (Over Crypto) in Your Portfolio?,0
Reuters,"El Salvador bitcoin plan ""bulletproof"", president says - Reuters",1
Reuters,"IMF says discussions with El Salvador are ongoing, bitcoin concern persists - Reuters",1
Reuters,Bitcoin falls 7.4 percent to $32094 - Reuters,-1
Business Insider,"Tighter regulation will boost cryptocurrencies by tackling 'unholy' activity, a finance law professor says",-1
BBC News,Jack Dorsey: Unpicking Twitter boss's passion for Nigeria,0
Entrepreneur,Crypto Goes to Camp,0
Reuters,"Bitcoin rises 5.4% to $36,361.69 - Reuters",1
Reuters,"Boom, bust and bewildered: Bitcoin's year so far - Reuters",0
Reuters,Bitcoin drops over 5% to $33226.36 - Reuters,-1
Business Insider,Ethereum now has more active addresses than bitcoin in a sign traders are turning bearish on the world's biggest cryptocurrency,-1
Slashdot.org,"After China's Crackdown on Bitcoin Mining, It's More Profitable For Everyone Else",1
Business Insider,13 applications for a bitcoin ETF are in limbo as the SEC deliberates. Some fund managers see a double standard around how the regulator treats crypto.,1
The Verge,"Kaseya ransomware attackers demand $70 million, claim they infected over a million devices",0
Business Insider,Bitcoin bull Michael Saylor says the cryptocurrency's volatility will always hurt those who invest purely to trade,-1
Reuters,Cryptocurrency's Wild West is in Wyoming - Reuters,0
TechCrunch,Cryptocurrency company Circle to go public in SPAC deal,1
TechCrunch,This crowdsourced payments tracker wants to solve the ransomware visibility problem,1
Business Insider,4 crypto experts break down how one of the largest Grayscale Bitcoin unlock periods will affect the cryptocurrency market,1
Slashdot.org,Some Industrial Bitcoin Miners are Moving to Cheap-Energy Texas,1
Reuters,"Cryptocurrency trading volumes slump 40% in June, data shows - Reuters",-1
Entrepreneur,Small Businesses Should Have No Business with Cryptocurrency,-1
TechCrunch,Crypto startup Phantom banks funding from Andreessen Horowitz to scale its multi-chain wallet,1
Reuters,Square to create new bitcoin-focused business - Reuters,1
Business Insider,10 things before the opening bell,0
Entrepreneur,How Blockchain and Cryptocurrency Can Revolutionize Businesses,1
Slashdot.org,"More Bitcoin Miners Head to America, Partly for Cheaper Energy",0
Wired,Why Not Use Self-Driving Cars as Supercomputers?,0
Reuters,Bitcoin falls below $30000 for first time in a month - Reuters,1
TechCrunch,Michael Arrington’s next act,0
Reuters,Tesla likely to take bitcoin again soon - Musk - Reuters.com,1
TechCrunch,"Daily Crunch: Bitcoin ‘is a big part of our future,’ says Twitter CEO Jack Dorsey",1
Yahoo Entertainment,"This Week in Apps: Clubhouse opens up, Twitter talks bitcoin, Snap sees record quarter - Yahoo Canada Finance",0
Business Insider,"13 must-see charts, plus an $875 mini bitcoin-mining rig",0
Reuters,Amazon denies report of accepting bitcoin as payment - Reuters,-1
Entrepreneur,"Amazon Posts Crypto Job Listing, Bitcoin Skyrockets",1
Reuters,Bitcoin rises above $40000 - Reuters,1
Business Insider,10 things before the opening bell,0
Business Insider,Michael Saylor says bitcoin has elevated Microstrategy's brand and doubts politicians like Elizabeth Warren fully understand the cryptocurrency,-1
Substack.com,"I, Token: The untold story of the hole in Bitcoin's heart",0
The Economist,What if bitcoin went to zero?,0
Reuters,"Crypto sector sees outflows for 4th week in a row, CoinShares data shows - Reuters",-1
Reuters,"Upgrades, ESG, DeFi usage to help ether outpace bitcoin: Pantera Capital - Reuters",-1
Business Insider,Russia plans to build a bitcoin tracking tool to monitor crypto wallets linked to crime and terrorism,-1
Business Insider,"JPMorgan has launched an in-house bitcoin fund for private bank clients, reports say",1
Wired,A Field Guide for Nature-Resistant Nerds,0
Hongkiat.com,5 Websites to Track Live Bitcoin Exchange Rates,0
Slashdot.org,Why a Waste-Coal Power Plant is 'Burning for Bitcoin',1
Reuters,"Bitcoin, cryptos post 5th straight week of outflows -CoinShares data - Reuters",-1
The Verge,"Jack Dorsey says Bitcoin will unite the world, but doesn’t say how",1
Reuters,"ANALYSIS-China regulatory storm tests nerves, limits of top-down policy - Reuters",0
BBC News,The fiendish new trick cyber-criminals are using to evade capture,0
Reuters,Bitcoin rises 7.07% to $47587.38 - Reuters,1
Substack.com,Nail Your Startup Pitch: Use Pixar's Story Formula to Win over Investors,0
Engadget,T-Mobile investigates claims of giant customer data breach,0
Entrepreneur,Walmart Taking a Big Step Toward Cryptocurrency,1
The Guardian,Why bitcoin entrepreneurs are flocking to rural Texas,0
Gizmodo.com,T-Mobile Offers Free Identity Theft Protection After Hackers Steal Data on Millions of Customers,0
Lifehacker.com,How to Pay For Your Vacation With Crypto,1
Reuters,Bitcoin rises 5 percent to $49106 - Reuters,1
Wired,Hackers Stole Over $90M From Japan's Liquid Crypto Exchange,-1
Business Insider,"These are the 5 must-follow rules when investing in bitcoin, according to Fundstrat's Tom Lee",0
TechCrunch,"PayPal expands the ability to buy, hold and sell cryptocurrency to the U.K.",1
Business Insider,PayPal bets big on crypto payments future with international expansion,1
BBC News,The real victims of mass crypto-hacks that keep happening,-1
Business Insider,"Bitcoin drops as much as 4%, sliding further from key $5000 level",-1
Reuters,Bitcoin fever reaches Honduras with first cryptocurrency ATM - Reuters,1
Business Insider,Jack Dorsey's Square is looking to build a decentralized exchange for bitcoin,1
Slashdot.org,Jack Dorsey's Square Wants to Build a Decentralized Peer-to-Peer Bitcoin Exchange,1
BNNBloomberg.ca,Billionaire Paulson who shorted subprime calls crypto 'worthless' - BNN,-1
MacRumors,Twitter for iOS Beta Lays Groundwork for Bitcoin Tips,0
Business Insider,How to buy bitcoin using a credit card - and what to know about drawbacks of using this payment method,0
Slashdot.org,Twitter For iOS Beta Lays Groundwork For Bitcoin Tips,0
Reuters,Cardano joins crypto's creative destruction loop - Reuters,1
CNET,What is an NFT? Everything to know about the expensive digital tokens taking over cryptocurrency - CNET,0
New York Times,"Extreme Weather, Bitcoin, Spring Gardening: Your Weekend Briefing",0
Reuters,"Factbox: Pros and cons for El Salvador, the first bitcoin nation - Reuters",1
The Verge,El Salvador becomes first country to adopt Bitcoin as an official currency,1
CNN,"Bitcoin drops below $43,000 on El Salvador's first day using it",-1
Reuters,"UPDATE 1-Bitcoin is barter, not money, Mexico central bank chief says - Reuters",-1
Reuters,El Salvador's bitcoin digital wallet beset by technical glitches - Reuters,-1
The Times of India,Crypto stocks hit by rout in what bulls hoped would Be epic week,-1
Business Insider,An aviation startup wants to revolutionize frequent flyer programs by letting travelers earn cryptocurrency simply by flying: Meet FlyCoin,1
Business Insider,One of Cathie Wood's Ark funds just gave itself clearance to buy Canadian bitcoin ETFs as the firm's crypto ambitions grow,1
Reuters,China’s Hebei province to clamp down on cryptocurrency mining and trading - Reuters,-1
BeInCrypto,Fidelity Makes Case for Bitcoin ETF With SEC,1
Engadget,AMC theaters will accept cryptocurrencies beyond Bitcoin,1
Reuters,"El Salvador body to investigate complaints about government's bitcoin purchases, ATM kiosks - Reuters",-1
Business Insider,"Cardano founder Charles Hoskinson discusses 'bitcoin maximalism', how DeFi needs to turn into 'real-fi' and his plans for digital transformation in Africa in a recent interview. Here are the 10 best quotes",1
BeInCrypto,Major New York Real Estate Company Now Accepting BTC as Payment,1
Reuters,"El Salvador buys 150 more bitcoins, president says - Reuters",1
Blogspot.com,"Robinhood testing crypto wallet, cryptocurrency transfer features",1
Engadget,Robinhood will start testing crypto wallets next month,1
Engadget,Twitter will let users send and receive Bitcoin tips,1
The Verge,China’s central bank bans cryptocurrency transactions to avoid ‘risks’,-1
Engadget,Hitting the Books: How Bitcoin is somehow worth more than the paper it's printed on,1
Slashdot.org,"26,000 and Counting: America is Installing Hundreds More Bitcoin ATMs Each Week",1
Gizmodo.com,Bitcoin Bros and Nuclear Bros Have Found Common Cause,0
Blogspot.com,Why have Elon Musk and Tesla suddenly turned against bitcoin?,-1
Blogspot.com,Tesla CEO Elon Musk says U.S. government should avoid regulating crypto,1
Reuters,Bitcoin rises 5.2% to $43717 - Reuters,1
Reuters,"Bitcoin rises 9.5% to $47,980.97 - Reuters",1
Time,Bitcoin Launch Sparks Wave of Crypto Speculation in El Salvador,1
CNET,"NFTs are everywhere. Here's how to buy one from TikTok, NFL, more - CNET",0
Blogspot.com,JPMorgan CEO Says Bitcoin Has No Intrinsic Value After Claiming That Its Price Could Rise 10X,-1
Blogspot.com,SEC Chair Dodges Question About Regulatory Status of Bitcoin and Ether,0
Blogspot.com,Bitcoin hits strongest level since May,1
Business Insider,"The SEC just approved the closest thing to a US bitcoin ETF you can buy, for now",1
Gizmodo.com,"Mining Bitcoin Using Nuclear Power May Be Fine, Actually",0
Business Insider,"Michael Dell says blockchain is underrated, but he's 'going to pass' on bitcoin",-1
Blogspot.com,"Who Bought $1.6B in Bitcoin Wednesday, and Why?",1
Reuters,JPMorgan's Dimon blasts bitcoin as 'worthless' - Reuters,-1
Reuters,Cryptocurrencies post eight straight weeks of inflows - CoinShares data - Reuters,1
Reuters,U.S. becomes largest bitcoin mining centre following China ban - Reuters,-1
Entrepreneur,"Mark Cuban Heralds Ethereum, Bitcoin",1
Reuters,Bitcoin tops $600 nears record high - Reuters,1
BeInCrypto,SEC Finally Greenlights Bitcoin Futures ETF With ProShares Bitcoin Strategy ETF,1
Reuters,Thousands protest in El Salvador against Bukele government - Reuters Canada,-1
Business Insider,The first-ever bitcoin ETF will start trading on Tuesday,1
Reuters,Bitcoin nears record high ahead of futures ETF listing - Reuters,1
Reuters,Riding the crypto rollercoaster: Bitcoin nears record high - Reuters,1
Reuters,Bitcoin edges off all-time high but momentum for more gains this year seen intact - Reuters,1
Reuters,U..S bitcoin ETF debuts but legal hurdles remain - Reuters,1
MakeUseOf,You Can Now Buy Bitcoin at Your Local Walmart,1
Boing Boing,Walmart sells Bitcoin now,1
Reuters,"Tesla, bitcoin are signs of a 'bubble' -investor - Reuters.com",-1
Gizmodo.com,"Roughly One-Third of Bitcoin Is Controlled by a Small Cabal of Whales, According to New Study",-1
Reuters,RPT-COLUMN-U.S. regulators barely corralling feverish bitcoin mania: McGeever - Reuters,-1
Gizmodo.com,Bitcoin Miners Are Gobbling Up U.S. Energy,-1
Reuters,Cryptocurrency ether hits all time high of $4400 - Reuters,1
Business Insider,Meme tokens are front and center after shiba inu coin's rally. An expert says they're part of the evolution of finance and cannot be ignored.,1
Eatbitcoinpizza.com,Bitcoin Pizza accepts Bitcoin this time,1
Business Insider,"Bitcoin bull Michael Saylor says MicroStrategy will continue to use cash, debt, or equity to keep adding to its trove of bitcoin",1
Business Insider,"SEC punts on approving a spot bitcoin ETF again, pushing decision on Valkyrie's fund to 2022",-1
Slashdot.org,Kleiman v. Wright: $65 Billion Bitcoin Case Has Started,0
Reuters,Square quarterly profit jumps on bitcoin boost - Reuters,1
The Verge,A fake press release claiming Kroger accepts crypto reached the retailer’s own webpage,-1
Business Insider,"An ethereum futures ETF will be available before one that holds bitcoin directly - and approval could come in the 1st quarter of 2022, Bloomberg analysts say",1
Business Insider,A Gen Z crypto millionaire says ether could overtake bitcoin as the No 1 crypto before mid-2022 - and could 'power the rails' of global finance,-1
Business Insider,A Gen Z crypto millionaire says ether could overtake bitcoin as the No 1 crypto before mid-2022 - and could 'power the rails' of global finance,-1
Entrepreneur,Bitcoin Trades 7% Higher,1
Reuters,"UPDATE 3-Bitcoin, ether hit all-time highs as momentum accelerates - Reuters",1
Slashdot.org,Bezos-Backed Real Estate App To Accept Bitcoin as Payment,1
Slashdot.org,Miami Will Start Giving Some of Its Residents Free Bitcoin: Mayor Suarez,1
Entrepreneur,AMC Begins Accepting Crypto,1
Business Insider,"What to expect from Taproot, the biggest upgrade to the bitcoin network in 4 years",0
The Next Web,What is Bitcoin’s fundamental value?,1
Business Insider,VanEck’s bitcoin futures ETF will launch on Tuesday - after the SEC rejected the company’s spot ETF application,1
Reuters,Bitcoin falls back below $60000 for first time since Nov 1 - Reuters,-1
The Guardian,Australian Baseball League club Perth Heat to pay players in bitcoin,1
The Guardian,Environmentalists sound alarm at US politicians’ embrace of cryptocurrency,-1
Reuters,Bitcoin heads for worst week in months as Mt Gox payouts loom - Reuters UK,-1
Business Insider,"A majority of Gen Z investors think crypto will make them millionaires, new survey shows",-1
Time,El Salvador to Build Cryptocurrency-Fueled ‘Bitcoin City’,1
Reuters,Explainer: What we know so far about El Salvador's volcano-powered bitcoin bond - Reuters,0
Reuters,Explainer: What we know about El Salvador's bitcoin bond - Reuters.com,0
Business Insider,"Dogecoin has 'inflationary dynamics' and isn't good for the cryptocurrency market, says Ripple CEO",-1
Boing Boing,"El Salvador is building a volcano-powered ""Bitcoin City"" with no taxes",1
Reuters,Bitcoin tumbles as coronavirus variant sees riskier assets dumped - Reuters,-1
Slashdot.org,Crypto Miners in Kazakhstan Face Bitter Winter of Power Cuts,-1
Reuters,Cryptocurrency exchange Coinstore enters India despite pending curbs on trade - Reuters,-1
Business Insider,"Cryptocurrencies recover from last week's sell-off as traders mull the impact of a new variant, while little-known 'omicron' coin soars",1
Zacks.com,Should You Invest in Bitcoin ETFs Now?,1
Engadget,Nothing's 'Black Edition' brings a modern touch to its funky Ear 1 buds,0
Slashdot.org,"Goldman Sachs, Other Wall Street Banks Exploring Bitcoin-Backed Loans",1
Reuters,Bitcoin tumbles 5.5% to $53436 - Reuters,-1
Reuters,Bitcoin plunges by a fifth - Reuters.com,-1
ForexLive,The crypto market had a rough weekend --bitcoin falls through $5000 - ForexLive,-1
New York Times,Why New York State Is Experiencing a Bitcoin Boom,1
Business Insider,"Bitcoin is back above $5000 as crypto investors recover from the weekend rout, while metaverse tokens are soaring",1
Gizmodo.com,"CIA Director: Duh, Of Course, the CIA Is Into Cryptocurrency",1
Reuters,Self-proclaimed bitcoin creator hails court victory - Reuters.com,0
Reuters,Late filers to lead Bitcoin mining-machine class action - Reuters,-1
Slashdot.org,Foreign Policy magazine: 'Bitcoin Failed in El Salvador.' Is the Answer More Bitcoin?,-1
BBC News,Indian PM Modi's Twitter hacked with bitcoin tweet,-1
Reuters,Stablecoins steal the limelight from subdued bitcoin - Reuters,-1
The Guardian,"Bitcoin could become ‘worthless’, Bank of England warns",-1
Reuters,Salvadoran drag queen emerges as a colorful presidential critic - Reuters,-1
Business Insider,Proof of work is at the core of the system that manages Bitcoin transactions and secures the network,-1
Reuters,Mexican retailer Grupo Elektra embraces bitcoin for payments - Reuters,1
Zacks.com,3 Great Stocks to Buy for 2022 and Hold for Years,0
Forbes,Fed Issued Stark Bitcoin ‘Revolution’ Warning Amid Sharp Decline In The Price Of Ethereum And Other Cryptocurrencies,-1
Reuters,"Dubai World Trade Centre to regulate virtual and encrypted assets, govt says - Reuters",-1
Business Insider,"The Turkish lira is so insane now, even notoriously volatile cryptocurrencies are looking safe",1
Business Insider,Proof of stake vs. proof of work: key differences between these methods of verifying cryptocurrency transactions,0
Reuters,"U.S. SEC rejects Valkyrie, Kryptoin bitcoin trusts - Reuters",-1
Slashdot.org,"SEC Rejects Valkyrie, Kryptoin Bitcoin Trusts",-1
NPR,Miami wants to become crypto's financial capital. New York's response? Bring it on,0
Wired,The Metaverse Land Rush Is an Illusion,-1
Business Insider,Elon Musk is the person of the year in part because of his effect on the world of finance. Here are his top 12 tweets that moved markets,0
Reuters,Bitcoin falls 6.1 percent to $47607 - Reuters,-1
Blogspot.com,Elon Musk reveals who bitcoin's creator Satoshi Nakamoto might be,0
Business Insider,"Florida has a new crypto-themed restaurant offering 'bitcoinana split,' 'crypto cuban' sandwiches, and 'dogedog' hotdogs that accepts all cryptocurrencies as payment",1
Zacks.com,3 Crypto Mining Stocks to Watch for 2022,0
Business Insider,The top 5 wildest crypto moments of 2021,0
Business Insider,The top 5 crypto predictions for 2022,0
Business Insider,4 ways to explain bitcoin like a boss,0
Reuters,El Salvador plans raft of legislation to cover bitcoin bond issue - Reuters,-1
Reuters,"Goldman Sachs says bitcoin will compete with gold as ""store of value"" - Reuters",1
Wired,Signal's Cryptocurrency Feature Has Gone Worldwide,1
Gizmodo.com,Crypto Dev Says He’s Spending $50000 on a Statue of Elon Musk’s Head on a Goat’s Body,0
Blogspot.com,"GameStop jumps after report on NFT trading hub, crypto pact",1
Plan99.net,"Re: Moxie on Web3. On decentralization, servers, and cryptography",0
Reuters,Bitcoin falls under $40000 to a 5-month low - Reuters,-1
Blogspot.com,Crypto CEO becomes one of the world's richest billionaires,1
Wired,"As Kazakhstan Descends into Chaos, Crypto Miners Are at a Loss",-1
Reuters,Blockchain firm BTCS soars on retail rush for bitcoin dividends - Reuters,1
The Verge,Jack Dorsey’s Block is working to make Bitcoin mining easier,1
Substack.com,“You Don't Own Web3”: A Coinbase Curse and How VCs Sell Crypto to Retail,-1
Time,Bitcoin’s Dominance of Crypto Payments Is Starting to Erode,-1
Reuters,Bitcoin investors dig in for long haul in 'staggering' shift - Reuters,-1
Engadget,Spain sets new rules for influencers who promote cryptocurrency,-1
Gizmodo.com,EU Regulator Wants to Ban Proof of Work Crypto Mining to Avoid Climate Disaster,-1
The Verge,Crypto.com admits over $30 million stolen by hackers,-1
Engadget,Robinhood opens cryptocurrency wallet to beta testers,1
Blogspot.com,"Bitcoin Extends Slide, Has Fallen More Than 50% From Record High",-1
Medium,Back to basics: what is the point of decentralization?,0
Reuters,Cryptocurrency finds itself in the sights of robust regulation - Reuters,-1
The Verge,The International Monetary Fund tells El Salvador it shouldn’t use Bitcoin as legal tender,-1
Wired,Gibraltar Could Launch the World’s First Crypto Stock Exchange,1
The Verge,DeepDotWeb operator sentenced to eight years for money laundering,0
Slashdot.org,The Crypto Selloff Wiped $7 Billion Off Corporate Balance Sheets,-1
MakeUseOf,Can You Cancel a Cryptocurrency Transaction?,0
Business Insider,Odell Beckham Jr. is leading a new class of athletes getting paid in bitcoin. Here's are 7 high-profile athletes taking the high-upside risk of crypto pay.,1
Slashdot.org,Wikimedia Foundation Urged to Stop Accepting Cryptocurrency Donations,-1
Reuters,CRYPTOVERSE-Bitcoin squeezes smaller rivals to its crown - Reuters,-1
Business Insider,"A year after Elon Musk's Tesla bought bitcoin, here are 3 risks companies take when putting it on their balance sheet, investment strategies says",-1
Reuters,Investor-focused social media firm Stocktwits rolls out crypto trading - Reuters,1
Reuters,Bitcoin surges 8.82% to $40611 - Reuters,1
The Next Web,Is Bitcoin technically a religion? A scholar investigates,0
Blogspot.com,Most Frequently Asked Questions About NFTs(Non-Fungible Tokens),0
Slashdot.org,"After Banks Froze Their Accounts, Some Adult Entertainers Turned to Cryptocurrencies",1
New York Times,Justice Dept. Seizes $3.6 Billion in Bitcoin and Arrests Married Couple,0
Lifehacker.com,Is the Crypto Bubble Going to Burst?,-1
Wired,Playing With Crypto? You’ll Need a Wallet (or Several),0
Engadget,Netflix is already making a docuseries about the alleged billion-dollar bitcoin launderers,-1
Gizmodo.com,It Only Took 3 Days for Netflix to Order a Docuseries on the Bonnie and Clyde of the Crypto World,-1
New York Times,Inside Heather Morgan and Ilya Lichtenstein's Confounding Bitcoin Case,0
Gizmodo.com,"Super Bowl Crypto Ads Feature Larry David, LeBron James, and QR Code for Free Bitcoin",1
New York Times,Ilya Lichtenstein Held in Bitcoin Case While Heather Morgan Is Given Bail,0
Business Insider,"Colorado will accept crypto for payment of state taxes by the summer, with drivers' and hunting licenses to follow, Gov. Polis says",1
New York Times,Justice Dept. Announces Raft of Changes Meant to Deter Cyberthreats,0
Business Insider,'Shark Tank' investor Kevin O'Leary says bitcoin won't hit $30000 until institutions are comfortable buying the crypto,-1
The Verge,Influencers beware: promoting the wrong crypto could mean facing a class-action lawsuit,-1
Reuters,Bukele to propose granting Salvadoran citizenship to foreign investors - Reuters,1
Business Insider,"Bitcoin is shaping up to enter a bear market and likely won't recover until 2025, co-founder of Huobi crypto exchange says",-1
Reuters,CRYPTOVERSE-Bitcoin could be laid low by miners' malady - Reuters,-1
Reuters,Bitcoin's true colours shine in stampede to safety - Reuters,-1
Reuters,"LIVE MARKETS Bitcoin, not exactly a safe haven today - Reuters",-1
Reuters,"Block beats profit estimates as Square, Cash App record growth - Reuters",1
The Verge,How Ukrainians are fundraising in cryptocurrency,1
Reuters,Ukraine's government raises crypto worth $8 million in crowdfunding appeal - Reuters,1
CNET,Bitcoin and Ether Are Helping Fund Ukraine's Resistance - CNET,1
Reuters,Cryptoverse: Bitcoin gains conflict currency credentials - Reuters,1
Engadget,BitConnect founder indicted by Justice Department has disappeared,-1
The Guardian,Ukraine to issue non-fungible tokens to fund armed forces,1
Reuters,Cryptocurrencies in a time of war - Reuters.com,0
CNET,Cryptocurrency Donations Pour Into Ukraine. This Week in Bitcoin and Crypto News - CNET,1
HYPEBEAST,Shake Shack Is Giving Away Bitcoin to Customers that Use Cash App,1
Entrepreneur,"Market Uncertainty Causes Metal Prices to Spike, Raises Questions Over Cryptocurrency's Worth",-1
Wired,War Is Calling Crypto’s ‘Neutrality’ Into Question,-1
Reuters,Bitcoin jumps after apparent Yellen statement quells U.S. clampdown fears - Reuters.com,1
Reuters,Verdict against self-proclaimed Bitcoin inventor balloons to $143 mln - Reuters.com,0
Reuters,El Salvador says could launch bitcoin sovereign bond between March 15-20 - Reuters,1
Slashdot.org,Why Isn't Bitcoin Booming?,-1
Entrepreneur,"Elon Musk Offers Advice on Inflation, Says He Won't Be Selling Crypto: 'It Is Generally Better to Own Physical Things'",1
Reuters,"Cryptoverse: Bitcoin's scared of commitment, Mr Biden - Reuters.com",-1
Slashdot.org,Unearthing Found Footage From One of the First Bitcoin Conferences,0
The Verge,"If you’re a Russian YouTuber, how do you get paid now?",0
Business Insider,3 common tax mistakes first-time investors make,0
CNET,Is the US Developing a Digital Dollar? This Week's Top Bitcoin & Crypto News - CNET,1
Entrepreneur,The 5 Best High-Return Investments,0
Reuters,U.S. company devises method to use coal waste to power crypto - Reuters,1
Reuters,Cryptoverse: Remember when bitcoin was 'anonymous'? - Reuters,-1
Reuters,El Salvador turns to Binance for help on bitcoin adoption - Reuters.com,0
New York Times,Ex-Party Producer Charged in $2.7 Million Bitcoin-Laundering Scheme,-1
Wired,Crypto Goes to War in Ukraine,1
Business Insider,"I haven't made a profit yet after making, minting, and selling my first NFT, but I have no regrets",1
Reuters,Bitcoin rises 4.4 percent to $46499 - Reuters,1
Reuters,Yen back under pressure as BOJ steps in bitcoin takes a leap - Reuters,1
Reuters,Cryptoverse: Buoyant bitcoin helps market cruise past $2 trillion - Reuters,1
Slashdot.org,Climate Campaign Pushes Bitcoin Network To Drop Energy-Hungry Code,-1
Reuters,EU lawmakers back new tracing rule for crypto transfers - Reuters.com,-1
Reuters,Bitcoin miner PrimeBlock to go public via $1.25 bln SPAC deal - Reuters,1
The Next Web,Here’s why bitcoin miners won’t go for a more climate-friendly alternative,-1
Slashdot.org,Bitcoin Reaches Milestone: 19 Millionth Bitcoin Mined,0
Business Insider,The UK says it's ready to regulate stablecoins for payments — and cryptocurrencies like bitcoin are next on its list,-1
Wired,What Twitter Is Really Planning for Crypto,1
The Verge,This might be Jack Dorsey’s ‘rockey’ hardware crypto wallet,0
Reuters,"Bitcoin entrepreneur Mow creates new company, inks El Salvador deal - Reuters",1
The Verge,"Block and Blockstream are partnering with Tesla on an off-grid, solar-powered Bitcoin mine in Texas",1
ReadWrite,Environmental Impact Of Cryptocurrency,-1
Slashdot.org,"El Salvador's 'Bitcoin President' Pressured, Accused of Attacking Civil Liberties",-1
Business Insider,Block aims to simplify Bitcoin investing with new Cash App services,1
Reuters,Cryptoverse: 10 billion reasons bitcoin could become a reserve currency - Reuters,1
Ars Technica,Wikipedia community votes to stop accepting cryptocurrency donations,-1
Engadget,Wikipedia editors vote to block cryptocurrency donations,-1
Engadget,Opera's crypto browser is now available on iOS,1
CNET,This Week's Top Bitcoin and Crypto News: NFT of Jack Dorsey's Tweet Flops at Auction - CNET,-1
Bloomberg,Bitcoin Risk-Reward Calculation is Being Upended by Rising Rates,-1
Gizmodo.com,You Can Now Go See Fantastic Beasts With Dogecoin at AMC Theaters,1
Investorplace.com,3 Reddit Stocks That Could Roar in Q2,0
VentureBeat,The technological disruption of bitcoin,1
Fast Company,Miami is still trying to figure out what it means to be a crypto capital,0
Slashdot.org,Seized Silk Road Bitcoin To Clear Ross Ulbricht's $183M Debt,0
Gendal.me,A simple explanation of how money moves around the banking system (2013),0
Forbes,‘Target The Bitcoin Price’—Internal Documents Reveal How The EU Could Crack Down On Bitcoin And ‘Protect’ Ethereum,-1
Reuters,"Canadian dollar to stay at core of financial system, not crypto -BoC - Reuters",-1
Reuters,Bitcoin last down 5.1% at $38391.36 - Reuters.com,-1
CNET,Central African Republic Passes Bill to Make Bitcoin Legal Tender - CNET,1
Reuters,Analysis: Bitcoin adoption by Central African Republic baffles cryptoverse - Reuters.com,1
Reuters,Bitcoin to bourses: Africa's top business news - Reuters,1
YouTube,"If you offered me all the bitcoin in the world for $25, I wouldn't take it, says Warren Buffett - CNBC Television",-1
Slashdot.org,Robinhood Loses Over 1 Million Active Users. Is the Memestock Mania Over?,-1
Gizmodo.com,Warren Buffett Says He Wouldn't Take All the Bitcoin in the World for $25,-1
Business Insider,"El Salvador's bitcoin bond reportedly hasn't lured a single investor, and markets are bracing for a default on conventional debt",-1
The Verge,Why fossil fuel companies see green in Bitcoin mining projects,1
Gizmodo.com,Fidelity Wants to Include Bitcoin in 401(k) Plans; Elizabeth Warren and the Labor Department Have Concerns,-1
Engadget,US Treasury issues first-ever sanctions against a cryptocurrency mixer,-1
CNET,Nvidia Fined Over Cryptomining Disclosures. This Week's Bitcoin and Crypto News - CNET,-1
Ctvnews.ca,Poilievre's Bank of Canada comments slammed by ex-governor - CTV News,0
BBC News,Bitcoin value drops by 50% since November peak,-1
Wired,Miami’s Bitcoin Conference Left a Trail of Harassment,-1
Reuters,Bitcoin falls 7.2% to $28758 - Reuters.com,-1
Wired,Terra’s Crypto Meltdown Was Inevitable,-1
Business Insider,Bitcoin crash erases $36 million in value from El Salvador government's massive crypto investment as national debt grows,-1
Associated Press,"Bitcoin tumbles, a stablecoin plunges in wild week in crypto - The Associated Press - en Español",-1
Entrepreneur,"Here's a Beginner's Guide to Crypto, NFTs, and the Metaverse",0
Gizmodo.com,"Luna Foundation Tried to Prop Up Terra’s Crumbling Base With Billions in Bitcoin, But It Still Failed",-1
Business Insider,Bitcoin's risks present opportunities for CBDCs,-1
Slashdot.org,China Makes a Comeback in Bitcoin Mining Despite Government Ban,1
Reuters,Analysis: Crypto crash leaves El Salvador with no easy exit from worsening crisis - Reuters,-1
Business Insider,"What is bitcoin? A beginner's guide to the world's most popular type of cryptocurrency, and tips for investing in it",0
CNET,"After Luna Collapse, Terra Looks to New Blockchain. This Week's Top Bitcoin and Crypto News - CNET",-1
The Next Web,Here’s why Europe needs a digital euro,0
Business Insider,ECB chief Christine Lagarde says cryptocurrencies are 'worth nothing' and believes they should be regulated to protect people,-1
The Verge,How Ukraine’s wide use of cryptocurrency is playing out during the war,0
Reuters,Cryptocurrency crash devalues Ukraine's government crypto fundraise - Reuters.com,-1
Business Insider,Stripe's expansion beyond traditional payments yields app marketplace and new crypto payments,1
Reuters,Bauxite to bitcoin: Africa's top business news - Reuters,0
CNET,"Terra 2.0 Is Now Live, Following Luna Meltdown. This Week's Top Bitcoin and Crypto News - CNET",-1
Substack.com,Why is Bitcoin losing the dark-net markets?,-1
Reuters,Bitcoin lures inflation-weary Argentines despite crypto crash - Reuters,-1
Reuters,Cryptoverse: Will you grow old with bitcoin? - Reuters,-1
ReadWrite,Do People Want to Get Paid in Digital Coins?,0
Engadget,Chipotle now accepts cryptocurrency payments,1
Engadget,New York passes a bill to limit bitcoin mining,-1
Bitcoin.com,Tesla CEO Elon Musk Has 'Super Bad Feeling' About US Economy — Biden Responds – Bitcoin News - Bitcoin News,-1
BBC News,Why the Central African Republic adopted Bitcoin,0
Reuters,Bitcoin gains over 5% to $31441.76 - Reuters,-1
New York Times,Fight Looms Over New York’s Bid to Slow Crypto-Mining Boom,-1
Gizmodo.com,"Bitcoin Wasn't as Decentralized or Anonymous as Crypto Bros Told You, Study Finds",-1
Gizmodo.com,Jay-Z and Jack Dorsey Launch Bitcoin Academy for New Generation of Crypto Bros,1
Reuters,Crypto regulation efforts need to keep pace with market growth -Bank of Canada official - Reuters,-1
The Guardian,"As energy prices soar, the bitcoin miners may have struck fool’s gold | John Naughton",-1
MarketWatch,Crypto: Cryptocurrency selloff extends through the weekend after Friday’s hot inflation reading,-1
The Verge,DeFi lending giant Celsius halts withdrawals,-1
Reuters,Bitcoin nears MicroStrategy 'margin call' price - Reuters,-1
CNN,El Salvador's Bitcoin investment suffers amid crypto meltdown,-1
BBC News,El Salvador: The country where you can buy anything with Bitcoin,1
The Guardian,Jay-Z’s bitcoin school met with skepticism in his former housing project: ‘I don’t have money to be losing’,-1
Reuters,Bitcoin last down 7.4% at $18915 - Reuters,-1
Reuters,"Bitcoin recovers, climbs 7.6% to pass $20400 - Reuters.com",1
CNET,Bitcoin Price Roller-Coasters Over and Below $2000 - CNET,0
Business Insider,An ETF that will allow investors to bet against bitcoin is set to launch this week as the cryptocurrency plunges 70% from its peak,-1
Business Insider,FTX boss Sam Bankman-Fried has bailed out struggling crypto lender BlockFi with a $250 million loan,-1
The Next Web,"Even after the great crypto crash, enthusiasts see a bright future ahead",1
