,date,username,description,location,following,followers,totaltweets,retweetcount,text,hashtags
0,2022-06-07 01:56:14,cryptoscamisrl,ğŸ„,,150,22,1306,0,@Cameronfous What do You mean btc will hit 90k next week and 360k by the end of summer,[]
1,2022-06-07 01:56:13,GuntherPieters_,"Team lead @validitytech 
#bitcoin #validitytech #NFT",,98,169,1492,0,"Here comes the #BTC dump. 
Bears still in control. https://t.co/cXinbKkymH",['BTC']
2,2022-06-07 01:56:12,RealCryptoBeast,"Official CryptoBâ‚¬a$tâ„¢
| Trader & Investor | Entrepreneur | TA | #Bitcoin
(Trade Setups and Edu Dose Daily) | Telegram Premium https://t.co/mFrZaziPFF ğŸ’¥",,4,93,262,0,"Alright, New Theories on #BTC bottom soon. @elonmusk Make everyone think of $8k n we never visit there. ğŸ§  https://t.co/NhncQFRdAm",['BTC']
3,2022-06-07 01:56:10,realyordanis,Hello World!,A Colony On Mars,62,23,791,0,"#BTC - Just a healthy retracement...

#Bitcoin #Dogecoin","['BTC', 'Bitcoin', 'Dogecoin']"
4,2022-06-07 01:56:09,Nondumisondonga,â™¥â™¥â™¥ths is me...thnx 2 my parents 4 creating ths bbgal..&im proud 2 be me,Durban,90,72,948,0,"@TheMoonCarl $BTC, $ETH, $DOGE on my finex. I don't need anything else from this list.",[]
5,2022-06-07 01:56:09,mikeparker3663,Account Manager! Invest with bitsecuredminingfx Company On Bitcoin(crypto)ğŸ Realtor ğŸ’°ğŸ§³Investor/TraderğŸ’¯/Entrepreneur ğŸ“ŠğŸ“‰ğŸ“ˆ/Binance LionessğŸ’°ğŸ’µ/Fxtrade/,United state Az,389,18,31,0,"Send a message letâ€™s get started with crypto
-
-

#bitcoinÂ #cryptocurrencyÂ #blockchainÂ #cryptoÂ #ethereumÂ #moneyÂ #tradingÂ #litecoinÂ #forexÂ #investingÂ #australiaÂ #btcÂ #bitcoinminingÂ #businessÂ #bitcoincashÂ #entrepreneurÂ #millionaireÂ #investÂ #cryptotradingÂ #cryptonewsÂ #altcoinÂ #ethÂ # https://t.co/XpnQ0zPpy6","['bitcoin', 'cryptocurrency', 'blockchain', 'crypto', 'ethereum', 'money', 'trading', 'litecoin', 'forex', 'investing', 'australia', 'btc', 'bitcoinmining', 'business', 'bitcoincash', 'entrepreneur', 'millionaire', 'invest', 'cryptotrading', 'cryptonews', 'altcoin', 'eth']"
6,2022-06-07 01:56:09,benzingacrypto,"Crypto news, insights, and education by @benzinga Check our crypto coverage & resources: https://t.co/nnJFp776Vv","Detroit, MI",67,8712,2076,0,"#Bitcoin Above $30K, Ethereum, Dogecoin See Some Relief â€” No Pain And All Gain For Crypto From Here? $BTC $DOGE $ETH https://t.co/ALV4cswCTk",['Bitcoin']
7,2022-06-07 01:56:07,SparkLabsGlobal,Global Early-Stage Fund.  Entrepreneurs Growing Entrepreneurs. Part of the @SparkLabsGroup (https://t.co/FwcryavZy2),Everywhere Besides Mars,9067,11216,3697,0,"BlockFi is raising a down round at $1 billion valuation: sources https://t.co/JK1SXKJJNa 

#crypto #btc #fintech #bitcoin #finance #markets #startups #VentureCapital #startup","['crypto', 'btc', 'fintech', 'bitcoin', 'finance', 'markets', 'startups', 'VentureCapital', 'startup']"
8,2022-06-07 01:56:06,Sagacious_39,"ğŸ”± GGMU ğŸ”± forever ğŸ”´
Aspiring CA. Music, Food, Politics, Books & Sports - anytime anywhere.",,1572,189,19416,6078,"I will send $3,000 to someone that retweets and has followed myself ( @OfficialTravlad ) and @MuuInuOfficial in the next 24hrs with both notifications on. #BNB #BSC #BTC #ETH #USDT #Crypto #MuuInu",[]
9,2022-06-07 01:56:06,RowieCrypto,,,55,3,66,8,"Let's get $BTC moving, shall we https://t.co/LA3bp9mMdo",[]
10,2022-06-07 01:56:05,EbYean,"https://t.co/RPFjYMQKdZ journal. NOT FINANCIAL ADVICE. I DONâ€™T KNOW SHIT, Dam near retarded. $BTC $ETH DegenerateğŸª²",The abyss fucking bitch,104,12,1482,0,Gonna look to read to the position soon after btc does a little mean reversion then dump again,[]
11,2022-06-07 01:56:03,JellyfishJungle,"hi. #BasedFishMafia #GoGalaGames #SandboxGame

I follow back, unless it's a bot/scammer.",Octopus Garden,5000,1115,4057,0,@wilson_eth @nftcollector114 @nftbiz_eth @BloomCapital_ BTC is something you actually use...,[]
12,2022-06-07 01:56:00,LiqsRush,Cryptocurrency liquidations feed for perpetual future swaps on the top crypto exchanges.,,3,47,1126,0,"ğŸ”´ $111.8K Combined #Bitcoin $BTC LONG LIQUIDATIONS in the Last Minute.
â€¢FTX: $58.8K
â€¢Binance: $26.5K
â€¢Bybit: $26.4K",['Bitcoin']
13,2022-06-07 01:55:59,coinmarketyt,CoinMarket & MonsterTrade & Investor Project,"Ankara, TÃ¼rkiye",1,1241,1,0,"He Sold? Terra Classic

#Crypto #Terra #Terra_Luna #lunaClassic #luna #btc #eth #memecoin https://t.co/RmJcpVaTdN","['Crypto', 'Terra', 'Terra_Luna', 'lunaClassic', 'luna', 'btc', 'eth', 'memecoin']"
14,2022-06-07 01:55:55,Nathrezim_BTC,PEOPLE OF THE ALPHABET... I mean you no harm!,Mordor,198,63,8806,0,@Harkonnen23 @Cernovich So everyone in her yearbooks are pedos?.,[]
15,2022-06-07 01:55:54,mak_eHam1010,Allahumma solli wa salim ala sayyidina Muhammad bismillah win the one and only akun ngeHunter #LuxyLaunch #bull_bnb,"Jombang Jawa Timur, Indonesia",4771,97,58565,6078,"I will send $3,000 to someone that retweets and has followed myself ( @OfficialTravlad ) and @MuuInuOfficial in the next 24hrs with both notifications on. #BNB #BSC #BTC #ETH #USDT #Crypto #MuuInu",[]
16,2022-06-07 01:55:54,UnusualCrypto,"A #crypto machine learning algorithm that detects unusual market activity on #BTC futures. @cryptaAI

#AI #DataScience #DataAnalytics #MachineLearning #BigData","San Francisco, Bay Area",103,199,5461,0,"#BTC_USDT / #Binance_Futures
Unusual ğ¬ğğ¥ğ¥ğ¢ğ§ğ  activity ğŸ”´
Volume: 9118 BTC (-24.500%)
Price: 29495 USDT (-1.113%)
When: 2022-06-07 01:53 (2 minutes ago)","['BTC_USDT', 'Binance_Futures']"
17,2022-06-07 01:55:53,tradingyid,"I trade stocks, crypto and global currencies. There isnâ€™t a market I donâ€™t look at. Your safe w me fam #fibonacci #freegiveaways #pignarmy #btc",UK,793,3845,22621,0,#btc $sol shorts closing 90% and moving stops in profit https://t.co/uXUYGARZS6,['btc']
18,2022-06-07 01:55:51,btc_logistics,Bitcoin,"Milwaukee, WI",1035,173,2588,929,"California sends multiple ballots to the same people. 

They flood the mailboxes - itâ€™s total chaos. And itâ€™s illegal. 

Every normal person knows this: Mail in ballots are purposefully reckless. https://t.co/rUS4MlnLsD",[]
19,2022-06-07 01:55:50,PaulNorris14,"Work hard, play hard, feeling bullish today!",Canada,104,23,669,0,$btc â€¦ Iâ€™m trying to watch the #oilers game ğŸ˜’,['oilers']
20,2022-06-07 01:55:49,dekentro,I can tell you the future,Antarctica,1094,327,84565,12,"unpublished paper uses extranonces to attribute early miners. finds that certain agents had lots of hashpower in 2009/10, especially early GPU miners. some miners could have attacked network but didnt.

NYT: ""BTC isn't anonymous! decentralization theater!""
https://t.co/H2Cya9cBq4",[]
21,2022-06-07 01:55:49,Ghost_MAGA,"MAGA is rising from the dead, ultra-ly",Somewhere WI,345,417,156456,0,Humpty $BTC having a fall that would crack an egg,[]
22,2022-06-07 01:55:49,melanieEML,Iâ€™m just a nerd. I like silly things. I am who I am. Cashapp: $Mel014me #GooCrew #CluCoin $LEOS #OttoSquad #GenSquad #TeamStacks #SlayFam,Here,4661,8298,49894,6078,"I will send $3,000 to someone that retweets and has followed myself ( @OfficialTravlad ) and @MuuInuOfficial in the next 24hrs with both notifications on. #BNB #BSC #BTC #ETH #USDT #Crypto #MuuInu",[]
23,2022-06-07 01:55:48,sukim07353942,,,83,13,427,5,"#BTC #GANN 

Vibe box set to #BTC  Natal 3/1/09
Current legğŸ‘‡of this cycle ends June 23 

Would be crazy if BTC hits 13k region, which is what a breakdown of the 1 yr sideways channel would have us look towards for ağŸ¯

BTCâ˜€ï¸was @ 13.72Â° or 13.72k 

Breakout was 13.8k Crazy hey! https://t.co/oKa6abmdRn","['BTC', 'GANN', 'BTC']"
24,2022-06-07 01:55:48,Trader_Joe_LPP,FAKE Joe Rogan. LPP partnered with https://t.co/Yd9ZuBwK0S @unusual_whales,LOVE PEACE PRINTING ,662,23945,68776,0,Wow.  #BTC #Bitcoin DUMPING as fast as $LUNA ğŸ©¸ğŸ©¸ğŸ©¸ğŸ©¸ğŸ©¸ğŸ©¸ğŸ©¸ğŸ©¸ğŸ©¸ https://t.co/9SMfujs8IX,"['BTC', 'Bitcoin']"
25,2022-06-07 01:55:46,YMatazz,Crypto Investor. #SAFEMOON $MATIC #AAVE #SushiSwap #RISE and King daddy https://t.co/ZwaOPFWK4z,"Chicago, IL",314,204,3686,2,#EverRise $RISE #EverRiseV3 #EverRiseEDU #DeFi #Crypto #Cryptocurrency #BTC #Matic #BNB #EverSwap #MultiChain #EverRiseInu #FTM #BNB https://t.co/P5k9U3uUOF,"['EverRise', 'EverRiseV3', 'EverRiseEDU', 'DeFi', 'Crypto', 'Cryptocurrency', 'BTC', 'Matic', 'BNB', 'EverSwap', 'MultiChain']"
26,2022-06-07 01:55:44,robertojirusta,"â€œEn el mundo de los negocios, el espejo retrovisor es siempre mÃ¡s claro que el parabrisasâ€

Warren Buffett",Argentina,300,10851,418316,2,Crypto hodlers want Kuroda to say something on rapid BTC falls undesirable :-D,[]
27,2022-06-07 01:55:43,cryptocaleb802,"#TheDogePound #5626 - Take my Free Crypto Mini-Course and prepare for your mewn mission
https://t.co/3AZ7qjF3r6","Denver, CO",2241,6305,76148,1,"Come meet our team in London! @stakecube @SC_Protocol @SC_eSports_

#BTC #StakeCube https://t.co/68eOfW4yrM","['BTC', 'StakeCube']"
28,2022-06-07 01:55:41,poggch,Simply that guy,Your Local Corner Store,240,69,1372,0,@GoochMalooch1 Help my meta mask wallet got hacked. My metamask wallet got hacked my btc is gone!,[]
29,2022-06-07 01:55:40,K_U_trade,å°ç”Ÿã¯ã¨ã¦ã‚‚ãŠãã‚ã—ã„ãƒ“ï¼ã®é¤Šåˆ†æ‚ªé­”ã ãŠï¼,,105,53,1548,1,"#BTC Derivs Sheet (Tweet every 15 min.)
CME Delayed (10 min)
GS Delayed (15 min) and OI = SHARES OUT https://t.co/DLE7rSXXNE",['BTC']
30,2022-06-07 01:55:39,yaya22722772,"landscaping expert, crypto investor, Gem ğŸ’ Hunter, motivator, truth seeker & spreading consciousness to every human mind. ğŸ’ªğŸ˜‰",,1744,288,1894,0,"Or even 16 k, Iâ€™m confident everything will drop soon from land to stocks and crypto. Life opportunities are around the corner. One token Iâ€™ve been holding since launch is $tru #truebit $btc $eth and Iâ€™m looking to stack more once it dips back to 10cents.",['truebit']
31,2022-06-07 01:55:39,0xyummy,"bismillah aja dulu, alhamdulillah kemudian.
@twitmeong suspend permenent!",City X,2042,533,27970,6078,"I will send $3,000 to someone that retweets and has followed myself ( @OfficialTravlad ) and @MuuInuOfficial in the next 24hrs with both notifications on. #BNB #BSC #BTC #ETH #USDT #Crypto #MuuInu",[]
32,2022-06-07 01:55:38,RealDNewsMag,"The Official Diversity News Magazine Twitter Page covering News, Entertainment, Events and More. For more information visit https://t.co/0dvo7FU9Hj","Hollywood, Los Angeles",1588,11419,93490,1,"""New York Clamps Down On Bitcoin Mining In Newly Passed Bill"" via @Forbes

Trending #bitcoin news with frequent shares and strong engagement across social media.

Social Insights: https://t.co/UZnID7fQxx $btc

SourceğŸ‘‡https://t.co/GLHHY12BhX",['bitcoin']
33,2022-06-07 01:55:37,cptbalao,"xoge, reaper, xzillas, xumm",,220,103,281,0,WTF BTC,[]
34,2022-06-07 01:55:36,poggch,Simply that guy,Your Local Corner Store,240,69,1372,0,@GoochMalooch1 Help my meta mask wallet got hacked. My metamask wallet got hacked my btc is goneâ€¦,[]
35,2022-06-07 01:55:35,ZackAbnet,The smallest minority is the individual | ğŸ‡ªğŸ‡¹ğŸ‡ºğŸ‡² | TXST Alum | All tribes disappoint me.,Ethiopia â†’ U.S.A ,363,265,19747,0,"Every time Iv gotten a BTC is up by 5%  notification, I move a certain amount into USD coin. 

Folks this is gonna be a ugly year all around and we probably gonna see new lows. 

#BTC #Endgame","['BTC', 'Endgame']"
36,2022-06-07 01:55:34,DarrylWojt,,,1,1,18528,0,Whybddonhinestly thinningue. I honest. Don't. Dontgue. I k. Okay. Yib game. Don't ffickg care btc.  Nothing. I'm. Wwork.   Nothing. I. Work. Abit. Stonwatingyi retard along e btucb,[]
37,2022-06-07 01:55:33,jong_gabila,,,22,5,24,0,@lunc_community make @lunc great again and btc will go upğŸ»,[]
38,2022-06-07 01:55:31,HariKhat2,Raza,,237,21,435,6078,"I will send $3,000 to someone that retweets and has followed myself ( @OfficialTravlad ) and @MuuInuOfficial in the next 24hrs with both notifications on. #BNB #BSC #BTC #ETH #USDT #Crypto #MuuInu",[]
39,2022-06-07 01:55:30,YesYandexAlisa,ê³ ìƒ ëì— ë‚™ì´ ì˜¨ë‹¤,,9,131,7,7945,"We are thrilled to announce that #KuCoinWallet WEBSITE IS NOW LIVE!ğŸ”¥ğŸ”¥ğŸ”¥

We invite you to visit us at ğŸ‘‰ https://t.co/hzKUd4Ae3N 

We hope that you enjoy the fresh look and feel of our brand-new website.ğŸ˜œğŸ˜œ

@kucoincom @KCCOfficialTW 
$BTC $ETH $USDT $KCS #NFT #DeFi #crypto https://t.co/ChUUCggvUC",['KuCoinWallet']
40,2022-06-07 01:55:30,carladmh,Bass Guitar Piano â¤ï¸,,4682,1319,67924,1470,"ğŸ @DreamvilleDucky #NFTGiveaway ğŸ 

Iâ€™ve teamed up with @DreamvilleDucky to giveaway 5 WL spots! Super cool multi-drop mechanic dropping soon...

Entry:

1) Follow @0xBreakdown + @DreamvilleDucky ğŸ¦† 
2) â¤ï¸ + ğŸ” 
3) Tag 2 Frens

Ends in 48 HRS

$btc $eth $sol $usdt $ape $doge https://t.co/Ui9aOhOsBz",['NFTGiveaway']
41,2022-06-07 01:55:30,poggch,Simply that guy,Your Local Corner Store,240,69,1372,0,@GoochMalooch1 Help my meta mask wallet got hacked. My metamask wallet got hacked my btc is gone.,[]
42,2022-06-07 01:55:29,MURALIE622,Best discord group full of real traders join here https://t.co/l7lky0DJ0h,,0,145,7395,0,"Gift idea!
https://t.co/NINXxN9LGd
 $LTX $LCX $ZCX $VET $QNT $BTC $LINK $ETH $TEL $UNI $people https://t.co/RQn0knTsl8",[]
43,2022-06-07 01:55:29,Sue_CryptoAsset,ğŸŒ¸ Crypto assets will change global standard ğŸŒ¸ $MMPRO ğŸ‘ $MKP ğŸ® $STEPN ğŸ‘Ÿ $FISHE ğŸ£,,41,2148,4535,0,"@nekoshima99 ğŸŸğŸ ğŸ¡ğŸ¦ˆğŸ³ğŸ¬ ğŸŸğŸ ğŸ¡ğŸ¦ˆğŸ³ğŸ¬ ğŸ£

Fishing enthusiasts around the world take notice ğŸ‘€âœ¨

ğŸŸğŸ ğŸ¡ğŸ¦ˆğŸ³ğŸ¬ ğŸŸğŸ ğŸ¡ğŸ¦ˆğŸ³ğŸ¬ ğŸ£

$FISHE #FISHE #BTCÂ  #ETH #BNBÂ  #Crypto #altcoin #memecoin #fish #fishing #token","['FISHE', 'BTC', 'ETH', 'BNB', 'Crypto', 'altcoin', 'memecoin', 'fish', 'fishing', 'token']"
44,2022-06-07 01:55:28,hfduirgbirt78g5,,,11,11095,58,209,"#Binance Card launches a new promotion for first time users! 

Sign up for #Binance Card from June 1st-30th to put yourself in the running to be 1/5 winners to receive 1 #BTC. 

Find out more â¡ï¸ https://t.co/Se0d8PhOOP https://t.co/gwiGEkeLnA","['Binance', 'Binance']"
45,2022-06-07 01:55:28,hammack_debbie,God first in my life ğŸ™#MUFC fan,,1344,43,4111,780,"ğŸ’¸ $500 #Giveaway ğŸ’¸

We'll select 5 winners randomly and award $100 to each account! ğŸ¤‘ğŸ¤‘

Rules: ğŸ‘‡

1ï¸âƒ£ Tag 3 friends
2ï¸âƒ£ Must Like, Follow &amp; Retweet 
3ï¸âƒ£ Ends 8th of May

Good luck ğŸ’š

#BTCÂ  #Crypto #Contest #Casino #prize #Competition #luna https://t.co/grfx5U2dFF",['Giveaway']
46,2022-06-07 01:55:27,WhaleBotPumps,"@cryptowhalebot's friend
Showing your rekt'd crypto bags",moon,8,2254,129555,0,"ğŸ’€ETHO/BTC is Dumping on Kucoin!ğŸ“‰
ğŸ’¸Price: 0.00000164 BTC (-9.01%)
ğŸ“Š24h Vol: 12 BTC
ğŸ’¹Last Vol: 28,214.59 (34.46%)
â¬‡Price: -0.00000007 BTC
ğŸ”´24h%: -15.35%
â¬†Vol: 0.016 BTC

Spread: 1.363%
Bids &amp; Asks in 20% Range
Bids: 0 BTC
Asks: 0 BTC",[]
47,2022-06-07 01:55:26,genosdavillian,ğ™Ÿğ™ªğ™¨ğ™© ğ™›ğ™¤ğ™¡ğ™¡ğ™¤ğ™¬ ğ™¢ğ™šğŸ›¸â˜„ï¸â€¢ ğ™¢ğ™–ğ™ğ™£:@acelimelightâ€¢ #dallasin,"Dallas, TX",392,491,2212,6078,"I will send $3,000 to someone that retweets and has followed myself ( @OfficialTravlad ) and @MuuInuOfficial in the next 24hrs with both notifications on. #BNB #BSC #BTC #ETH #USDT #Crypto #MuuInu",[]
48,2022-06-07 01:55:26,Marlborman888,"I like to share the positive information about crypto//
Make people dancing ğŸ˜€ // Welcome Indodax Traders, Follow me for the next update",,12,343,1048,0,@BitcoinMagazine BTC is playing roller coaster now LOL,[]
49,2022-06-07 01:55:24,shaolintrader88,,,21,703,93513,0,#BTC   out BE on residual long... unbelievable lol...just when i thought i survived...not worth the time,['BTC']
50,2022-06-07 01:55:23,jangjin20158342,Crypto trader blogger technical analysis ë¸”ë¡œê±° ì†Œì•¡ì½”ë¦°ì´,seoul Korea,318,83,1358,5,$BTC 29.4k bears doing damage https://t.co/i3QYi1oSxz,[]
51,2022-06-07 01:55:23,YummyJiang,"Come here for cook and trade ideas.
#ES_F  #MES_F  $SPY  $SPX",Canada,1080,257,10909,2,Breaking News: US Regulators Investigating Binanceâ€™s BNB Token $spy $btc $qqq $amzn https://t.co/h3fnbncegP,[]
52,2022-06-07 01:55:23,_JenNotJenn,T1 Diabetic/Hockey Enthusiast/Bravo Obsessed CA$JenShortt23 M$babsshartt PP@babsshartt #TeamGross #TXFam #Crumblings #TeamStacks #TeamAngel,"Middle of Nowhere, MO",553,5892,22233,6078,"I will send $3,000 to someone that retweets and has followed myself ( @OfficialTravlad ) and @MuuInuOfficial in the next 24hrs with both notifications on. #BNB #BSC #BTC #ETH #USDT #Crypto #MuuInu",[]
53,2022-06-07 01:55:21,AmakusaAri01,"01 november

ARMY ğŸ’œ
#Ariproof

#AP8testi 

one and only accountğŸ™ğŸ»ğŸ™ğŸ»ğŸ™ğŸ»",Indonesia,4988,2084,230174,6078,"I will send $3,000 to someone that retweets and has followed myself ( @OfficialTravlad ) and @MuuInuOfficial in the next 24hrs with both notifications on. #BNB #BSC #BTC #ETH #USDT #Crypto #MuuInu",[]
54,2022-06-07 01:55:20,NatalDormer,"Pro Trader, Crypto enthusiast. Crypto Portfolio Manager, Ask to join here: https://t.co/2tJxB8H8f9",,98,5835,36223,0,"SIGNAL FOR #CTK COIN:

This is a strong signal: 

Purchase it under 2586

Target1: 2592 Target2: 2630 Target3: 2668

You can see how it is going so up!

#BTC #Bitcoin #Crypto #BTC #Ğ±Ğ¸Ñ‚ĞºĞ¾Ğ¹Ğ½ #æ¯”ç‰¹å¸ #ë¹„íŠ¸ì½”ì¸

To Join Our PREMIUM SIGNALS channel NOW, PM ME! https://t.co/gYutsKNxAo","['CTK', 'BTC', 'Bitcoin', 'Crypto', 'BTC', 'Ğ±Ğ¸Ñ‚ĞºĞ¾Ğ¹Ğ½', 'æ¯”ç‰¹å¸', 'ë¹„íŠ¸ì½”ì¸']"
55,2022-06-07 01:55:20,mie_goreeng,Everyday is a second chance,ğŸŒ,3765,77,35970,6078,"I will send $3,000 to someone that retweets and has followed myself ( @OfficialTravlad ) and @MuuInuOfficial in the next 24hrs with both notifications on. #BNB #BSC #BTC #ETH #USDT #Crypto #MuuInu",[]
56,2022-06-07 01:55:19,BosskuJD,"Our philosophy, You help me, I help you!
Aims is to unlock life-changing opportunities and connecting think tank communities one step at a time!ğŸ‘£ @bossku_dao",Bossku Home,4,6,7,0,"ETH chart update from last week currently profit in 9%.
#ETH #BTC #TRADECALL https://t.co/GF0mIwlGPj","['ETH', 'BTC', 'TRADECALL']"
57,2022-06-07 01:55:18,SidTrader_,Stocks and crypto Trader. Options Gambler. Follow for daily market updates and entertainment,,235,55,1492,5,$BTC 29.4k bears doing damage https://t.co/i3QYi1oSxz,[]
58,2022-06-07 01:55:18,Kiran_missnava_,#NavaNation  #LegitFAM    6ï¸âƒ£5ï¸âƒ£ğŸ¹ #CutieBabers #HottieBabers #FurrFam   #SobatGarangan,Mumbai ,1156,295,35661,6078,"I will send $3,000 to someone that retweets and has followed myself ( @OfficialTravlad ) and @MuuInuOfficial in the next 24hrs with both notifications on. #BNB #BSC #BTC #ETH #USDT #Crypto #MuuInu",[]
59,2022-06-07 01:55:17,DianiRahmania,,,107,91,239,0,BTC. D printing,[]
60,2022-06-07 01:55:17,AstroWhale21,Whale Watcher | Testing in Prod,Floating Around Space,1,537,85168,0,"ğŸ”´ Binance BTCUSDT - 58.51 $BTC valued at $1,714,241",[]
61,2022-06-07 01:55:17,AstroWhale21,Whale Watcher | Testing in Prod,Floating Around Space,1,537,85168,0,"ğŸ”´ Binance BTCUSDT - 11.67 $BTC valued at $341,818",[]
62,2022-06-07 01:55:17,AstroWhale21,Whale Watcher | Testing in Prod,Floating Around Space,1,537,85168,0,"ğŸ”´ Binance BTCUSDT - 17.22 $BTC valued at $504,663",[]
63,2022-06-07 01:55:17,AstroWhale21,Whale Watcher | Testing in Prod,Floating Around Space,1,537,85168,0,"ğŸ”´ Binance BTCUSDT - 15.35 $BTC valued at $449,747",[]
64,2022-06-07 01:55:17,AstroWhale21,Whale Watcher | Testing in Prod,Floating Around Space,1,537,85168,0,"ğŸ”´ Binance BTCUSDT - 32.06 $BTC valued at $939,241",[]
65,2022-06-07 01:55:17,DHuddles,,,6,0,3,0,"Let me give you a little secret.... Deposit coins are 100% profitable than NFT coins you purchase,reason that you can get  a BITCOIN (BTC) at a rate of $3000 and you can then trade your coins at normal valued BTC price.. Tip. https://t.co/NCGIZ3WR2Y",[]
66,2022-06-07 01:55:16,Andika7877,Qwerty,Indonesia,305,15,952,6078,"I will send $3,000 to someone that retweets and has followed myself ( @OfficialTravlad ) and @MuuInuOfficial in the next 24hrs with both notifications on. #BNB #BSC #BTC #ETH #USDT #Crypto #MuuInu",[]
67,2022-06-07 01:55:16,mycrush011,"You Know Who i Am ğŸ˜

Expect Nothing But 
 Appreciate Everything ğŸ‘",,867,19,1743,6078,"I will send $3,000 to someone that retweets and has followed myself ( @OfficialTravlad ) and @MuuInuOfficial in the next 24hrs with both notifications on. #BNB #BSC #BTC #ETH #USDT #Crypto #MuuInu",[]
68,2022-06-07 01:55:15,65_pastek,,,915,142,3802,0,"The best Crypto Analytic on #fintwit is @InspoCrypto ...
Give him a follow guys...he said $BTC will nuke yesterday  .... if u know u know... Love u man ğŸ’™",['fintwit']
69,2022-06-07 01:55:15,imhopingtowin,"God is GreatğŸ™ğŸ¼ğŸ€ follow me = follow backğŸ’— more blessing this year 2022 ğŸ€ğŸ€ #VastWinner
@OfficialTravlad #TravNotiGang",Republic of the Philippines,4104,63,13548,6078,"I will send $3,000 to someone that retweets and has followed myself ( @OfficialTravlad ) and @MuuInuOfficial in the next 24hrs with both notifications on. #BNB #BSC #BTC #ETH #USDT #Crypto #MuuInu",[]
70,2022-06-07 01:55:14,rochim_lukman,,,394,7,592,666,"Those who participated in Stage 1 won. now it's your turn ğŸ’ª
Join the project supported by the great community.

â° #Presale Stage 2 continues at full speed ğŸš€

ğŸ‘‰ğŸŸ¢Stage 2 : 1 FLF = 0.0040 USDT
ğŸŸ¡ Stage 3: 1 FLF = 0.0080 USDT

ğŸ‘‰ https://t.co/EMtzFZ6Xwe
#BSC #airdrop #USDT #BTC https://t.co/f5tA0kbHZl",[]
71,2022-06-07 01:55:14,nate_bruv,âš¡ï¸ğŸ‘ğŸ‰,Heavenly Places ,108,123,2090,13,"#BTC to 79k till October!!!

Atm btc is in its final phase of shaping a bottom. It could be around 26k or 24k. Don't miss the dip if you get one also ""OPTIMISM"" profit target is $4 atleast. Keep in mind patience will pay big this time.

#crypto #bullrun2022 #altcoins",['BTC']
72,2022-06-07 01:55:14,NoHalfPints,"'Stay satisfied, my friends'","Niagara Region, ON, CANADA",360,348,6439,3,"These are the CORRECT published links - [ Apologize for any confusion ] for Articles 1 through 4
Article 1 - Best Long Cryptocurrency to invest today is not BTC or ETH but TERAREUMâ€Šâ€”â€ŠERC20 token https://t.co/v5CU70RXFr 
@terareum #TerareumTech @miltonterareum @RDPrice",[]
73,2022-06-07 01:55:13,TonyF456y,"Just having fun with crypto! Not financial advice, do your own research ğŸ§!",,78,290,14922,6,Day 39 tracking @VoltInuOfficial ğŸ”¥. We're still on track to burning 7.5T eoy. I'm fearlessly forecasting 9 to 12T based on Voltichange &amp; Voltisoft alone. There are other ğŸ”¥ing mechanisms that haven't even been discussed yet. July &amp; August? Probably nothing...LFV âš¡ï¸âš¡ï¸âš¡ï¸ #BTC #ETH https://t.co/qR85m2AW1Z,[]
74,2022-06-07 01:55:13,Laevitas_Bot,"Deribit Trade Bot
Telegram bot: https://t.co/ph8QHtqD2g
Options Analytics: https://t.co/JjIaCUtNNI",,0,1540,93596,0,"FUTURES_SPREAD @ $290.0 
ğŸ”´ Sold $252.11K (8.58511â‚¿) ğŸ”¶BTC-30SEP22 at $29657.63 (Basis: $291.67)
ğŸŸ¢ Bought $252.11K (8.58511â‚¿) ğŸ”¶BTC-PERPETUAL at $29367.63 (Basis: $1.67)
Index Price $29365.96 
Block Trade ID : 40978
#block_trade",['block_trade']
75,2022-06-07 01:55:13,mwbaird17,,,112,16,353,0,"@TheisGeoff @CynthiaMLummis Anyone who wants crypto to succeed has no desire for useless altcoins to remain in the space. Thatâ€™s why Iâ€™m invested in useful altcoins, all of which far outperform BTC.",[]
76,2022-06-07 01:55:12,FiyachtLLC,Driving financial vehicles through the intersection of technology & art. Honk.,"California, USA",631,164,4532,7,"Bitcoin firmly under 30k.

#Bitcoin 29773.00 -5.3%

$BTC https://t.co/Z6aGdOtIE9",['Bitcoin']
77,2022-06-07 01:55:12,btc_logistics,Bitcoin,"Milwaukee, WI",1035,173,2588,2,ğŸ’¯% agree! https://t.co/EQZfx73qSH,[]
78,2022-06-07 01:55:12,MAXX0003,#CRO,,111,8,981,6078,"I will send $3,000 to someone that retweets and has followed myself ( @OfficialTravlad ) and @MuuInuOfficial in the next 24hrs with both notifications on. #BNB #BSC #BTC #ETH #USDT #Crypto #MuuInu",[]
79,2022-06-07 01:55:12,AstroWhale21,Whale Watcher | Testing in Prod,Floating Around Space,1,537,85168,0,"ğŸ”´ Binance BTCUSDT - 36.28 $BTC valued at $1,063,110",[]
80,2022-06-07 01:55:12,AstroWhale21,Whale Watcher | Testing in Prod,Floating Around Space,1,537,85168,0,"ğŸ”´ Binance BTCUSDT - 10.35 $BTC valued at $303,380",[]
81,2022-06-07 01:55:12,AstroWhale21,Whale Watcher | Testing in Prod,Floating Around Space,1,537,85168,0,"ğŸ”´ Binance BTCUSDT - 16.53 $BTC valued at $484,474",[]
82,2022-06-07 01:55:12,AstroWhale21,Whale Watcher | Testing in Prod,Floating Around Space,1,537,85168,0,"ğŸ”´ Binance BTCUSDT - 44.78 $BTC valued at $1,312,100",[]
83,2022-06-07 01:55:12,AstroWhale21,Whale Watcher | Testing in Prod,Floating Around Space,1,537,85168,0,"ğŸ”´ Binance BTCUSDT - 16.39 $BTC valued at $480,103",[]
84,2022-06-07 01:55:12,BEARBULLWHALE,Tracking #Cryptocurrency Bull and Bear Whales across all the major exchanges and markets,Worldwide,179,3831,25842,0,"ğŸ» BEARWHALE! just SOLD $1,880,106 worth of #Bitcoin #BTC at $29,300 on #Binance Spot Market","['Bitcoin', 'BTC', 'Binance']"
85,2022-06-07 01:55:11,odyzap,I buy and sell magic internet beans. /Journal,Not Financial Advice,111,121,953,0,"First step done. Tommorow CT will be screaming that we have a wedge formation or smth lmao. 
#btc https://t.co/BdqbmVYIMe",['btc']
86,2022-06-07 01:55:11,paisa_bnao,,,95,477,447,0,"Mentioned $Luna #luna2 ...it was at 8$ when i told you not to buy...must watch full video ...posted videos about $Btc weekly update

#bitcoin #etherium #LUNAC  $btc $sol https://t.co/kPg41yaFkP","['luna2', 'bitcoin', 'etherium', 'LUNAC']"
87,2022-06-07 01:55:09,coded_crypto,"Gamer, and crypto. Loves drinking Death Wish Coffee. Music and Game Score producer. NFT game creator. 
#xrp #xrpl #EDM #Orx_Army",Crate ,1241,543,8560,0,$BTC #BTC lmao. Nice. https://t.co/m1fek7CwsM,['BTC']
88,2022-06-07 01:55:09,ddurrrrrrrr,"digital art connersore
shitcoin trader
student of the market
gripto since '17",gripto,496,113,491,0,"@ThinkingBitmex OMG $30K LOST ğŸš¨ 
EMERGENCY SPACES ... NOW
FAITH IN CHIMP ... FADING
0.6 BTC REFUND ... INITIATED
BERAS 1 ... BULLAS 0",[]
89,2022-06-07 01:55:06,CheatmodeXBT,"Education | PA trader | Cheatmode

Free alpha No BS
https://t.co/qZxqoqIq8B",Parent's basement ,204,2040,672,0,"$BTC 
Change of plan, hitting two was good enough. 
MMs knows they canâ€™t just keep letting my charts play out 

New chart soon âœï¸

/Thread closed",[]
90,2022-06-07 01:55:05,jonah_marjorie,CakeğŸš—,,96,16,8,0,#saitama - 1000x GemğŸº#SaitaMask#SaitamaWolfPack #Crypto#CryptoNews#cryptocurrency#NFT #HODL #DeFi $BTC $ETH $Bâ€¦,"['saitama', 'HODL', 'DeFi']"
91,2022-06-07 01:55:04,GFX_Signals,"Real-time analysis of #crypto, #forex, #indexes and #gold to identify bullish and bearish trends. 24/7/365. Powered by @galileofx",World,1,62,3754,0,BTC/USD New Low in the last 24 hours:29373 #btcusd #cryptosignals #tradingbot #galileofx,"['btcusd', 'cryptosignals', 'tradingbot', 'galileofx']"
92,2022-06-07 01:55:03,thevonmojo,Music | Hoops | Investing Maxi ğŸ‡ºğŸ‡¸ğŸ‡¹ğŸ‡¹ğŸ‡¾ğŸ‡ªğŸŒ‹ #bitcoin #Music #NBAğŸ€ #MLBâš¾ï¸ #NFLğŸˆ#Behaviorism #Philosophy #Comedy ğŸ,United States,640,26,860,5,$BTC 29.4k bears doing damage https://t.co/i3QYi1oSxz,[]
93,2022-06-07 01:55:02,whalesradar_com,"https://t.co/oZVtGZzi5n

Crypto Whale Radar and Scanner

#Crypto #Bitcoin #Cryptocurrency #RastGele

Whales Radar is brand of @FxCanli",Ä°stanbul,1,620,10252,0,"#USDTIDRT #IDRT 
Signal #1  

Last Signal: N/A 
Before: 14438.00 
After: 14446.00 ğŸŸ¢(0.06%) 
Volume Chng: 464,737,361 USDT (5.39%) 

Daily  
Price Chng: (0.06%)ğŸŸ¢ 
Volume: 1,228,524,631 USDT 

ğŸš€PRO â¡ï¸ https://t.co/1EgdzYf2ot ğŸ³

#Crypto #Bitcoin #BTC #ETH","['USDTIDRT', 'IDRT', 'Crypto', 'Bitcoin', 'BTC', 'ETH']"
94,2022-06-07 01:55:00,BitcoinpriceL,"ğŸ”— Linking News to Bitcoin Price ğŸ“ˆ
ğŸ”— Price ALERTS
ğŸ”— All you need to know about #Bitcoin at a glance https://t.co/e6I0WpfDcs
ğŸ”— Please FOLLOW to support the project",,259,368,1184,0,"#Bitcoin PRICE MOVEMENT ALERT: BTC drops to $29,432 from $29,868 in less than 12 minutes (so far -1.46% change) | Last price:: $29,458 | Follow this down move in Real-time Chart: https://t.co/tuoG8jDx54 https://t.co/Xgz62TCdjO",['Bitcoin']
95,2022-06-07 01:54:59,aclosmurf,Saving noobs w/uncannily accurate TA& Exposing Fake gurus.Always Free - NFA.Where to trade?Futures:https://t.co/oJjSvGLeU7 /Spot:-20% fees https://t.co/zuDiRTQtx3,Crypto Gotham,125,1777,4569,0,"@ThinkingBitmex Itâ€™s not coming lolâ€¦

#cryptotrading #btc is so ez https://t.co/HJsd1Ywdw3","['cryptotrading', 'btc']"
96,2022-06-07 01:54:59,tbooncho888,,,3213,191,982,0,"btc retesting the triangle breakout point....on news of SEC investing BNB...panic strike again or rather the wave pattern has already predicted this std move, and btc gap closing cme...29500 region on this retesting... https://t.co/SGZzwDoVGO",[]
97,2022-06-07 01:54:58,Teslauwin,"ğŸŒ¬ï¸Sic Parvis MagnağŸ’²
#BTC #ETH #BNB #SOL 
#MrWizard",California,2912,108,28480,0,"btc is a King and always be a king, Doge is a prince, always be a prince, eth naaaaaah, eth is fvking politian in goverment.
ğŸ¤£",[]
98,2022-06-07 01:54:57,crypt_enthu,#Bitcoin,"Virginia, USA",241,136,1991,0,@BTC_Archive Lol. Dump as expected,[]
99,2022-06-07 01:54:57,AstroWhale21,Whale Watcher | Testing in Prod,Floating Around Space,1,537,85168,0,"ğŸ”´ Binance BTCUSDT - 10.3 $BTC valued at $302,929",[]
